JUGADOR;POS;PJ;PI;MIN;PTS;RB;TP;AS;TC;T3;TL;BR;BP;FP;EF;OR;DR;v;Derrota;PF;PC;Equipo;Edad;Altura;FGM;FGA;FTM;FTA;;;;;;;;;;;;;
D. Schröder;B/ES;67;67;31;19,4;3,1;0,1;6,2;0,44;0,29;0,85;1,1;2,7;2,2;16,9;0,7;2,4;24;58;103,4;108,8;ATL;24;185,42;7,5;17,1;3,4;4;;;;;;;;;;;;;
T. Prince;AL/AP;82;82;30;14,1;4,7;0,5;2,6;0,43;0,39;0,84;1;2,3;2;13,5;0,6;4,1;24;58;103,4;108,8;ATL;24;203,2;5,1;11,9;1,9;2,2;;;;;;;;;;;;;
K. Bazemore;ES/AL;65;65;27,5;12,9;3,8;0,7;3,5;0,42;0,39;0,80;1,5;2,4;2,3;13,3;0,4;3,4;24;58;103,4;108,8;ATL;28;195,58;4,4;10,4;2,5;3,1;;;;;;;;;;;;;
M. Belinelli;ES/AL;52;1;23,3;11,4;1,9;0,1;2;0,41;0,37;0,93;0,9;1;0,8;9,5;0,7;4;24;58;103,4;108,8;ATL;32;195,58;3,8;9,3;1,9;2,1;;;;;;;;;;;;;
E. Ilyasova;P/AP;46;40;25,5;10,9;5,5;0,4;1,1;0,46;0,36;0,80;1;0,9;2;12,7;1,6;3,8;24;58;103,4;108,8;ATL;31;208,28;4;8,7;1,6;2;;;;;;;;;;;;;
D. Lee;ES;15;11;26,9;10,7;4,7;0,1;1,9;0,41;0,25;0,76;1,3;0,9;1,7;11,3;1,6;6,3;24;58;103,4;108,8;ATL;25;198,12;4,1;10,1;1,5;1,9;;;;;;;;;;;;;
J. Collins;P/AP;74;26;24,1;10,5;7,3;1,1;1,3;0,58;0,34;0,72;0,6;1,4;2,9;15,6;2,4;4,9;24;58;103,4;108,8;ATL;20;208,28;4,2;7,4;1,8;2,5;;;;;;;;;;;;;
D. Dedmon;P;62;46;24,9;10;7,9;0,8;1,5;0,52;0,36;0,78;0,6;1,4;2,6;15,4;0,3;1,7;24;58;103,4;108,8;ATL;28;213,36;4;7,7;1,1;1,4;;;;;;;;;;;;;
M. Muscala;P;53;7;20;7,6;4,3;0,5;1;0,46;0,37;0,92;0,6;0,8;1,5;10;1,1;3,3;24;58;103,4;108,8;ATL;26;210,82;2,7;5,9;1,1;1,2;;;;;;;;;;;;;
T. Dorsey;B/ES;56;5;17,4;7,2;2,3;0,1;1,4;0,38;0,36;0,71;0,3;0,7;1,1;6,1;0,2;1,7;24;58;103,4;108,8;ATL;22;195,58;2,6;6,8;0,8;1,1;;;;;;;;;;;;;
I. Taylor;B;67;9;17,4;6,6;1,4;0,1;3,1;0,42;0,25;0,70;0,5;1,3;1,7;6,5;0,3;2,5;24;58;103,4;108,8;ATL;23;190,5;2,4;5,8;1,5;2,1;;;;;;;;;;;;;
M. Delaney;B/ES;54;3;18,8;6,3;1,9;0,1;3;0,38;0,37;0,80;0,6;1,2;1,5;7,1;0,3;1,1;24;58;103,4;108,8;ATL;29;190,5;2;5,3;1,4;1,7;;;;;;;;;;;;;
L. Babbitt;AL/AP;37;9;15,4;6,1;2,2;0,1;0,7;0,48;0,44;0,77;0,2;0,4;1,3;6,4;0,3;2;24;58;103,4;108,8;ATL;23;185,42;2,2;4,5;0,5;0,6;;;;;;;;;;;;;
D. Bembry;AL;26;3;17,5;5,2;2,8;0,5;1,9;0,41;0,37;0,58;0,8;1,8;1,5;5,9;1,4;2,7;24;58;103,4;108,8;ATL;23;198,12;2;4,9;0,7;1,3;;;;;;;;;;;;;
T. Cavanaugh;AP;39;1;13,3;4,7;3,3;0,1;0,7;0,44;0,36;0,81;0,2;0,4;1,6;6,3;0,3;2,3;24;58;103,4;108,8;ATL;24;205,74;1,7;3,9;0,4;0,5;;;;;;;;;;;;;
J. Morris;ES;6;0;16,3;4,7;2,7;0,2;1,2;0,41;0,20;0,00;0,3;1;0,3;4,8;0,1;2,1;24;58;103,4;108,8;ATL;22;195,58;2,2;5,3;0;0;;;;;;;;;;;;;
A. White;ES/AL;15;0;13,9;4,6;2,3;0,1;0,4;0,34;0,37;0,25;0,2;0,5;0,8;3,6;0,3;2;24;58;103,4;108,8;ATL;25;200,66;1,7;4,9;0,1;0,3;;;;;;;;;;;;;
M. Plumlee;P;55;35;16,7;4,3;4,1;0,5;0,8;0,58;0,00;0,45;0,3;1,1;1,4;7;1,2;2,1;24;58;103,4;108,8;ATL;29;210,82;1,9;3,3;0,5;1,1;;;;;;;;;;;;;
A. Cleveland;ES;4;0;10,5;3,3;1;0,3;0;0,57;1,00;1,00;0,3;1,3;3;2,8;0,1;0,9;24;58;103,4;108,8;ATL;24;198,12;1;1,8;0,5;0,5;;;;;;;;;;;;;
J. Magette;B;18;0;12;2,6;1,1;0,1;3,2;0,33;0,36;1,00;0,4;0,5;0,9;5,1;0,3;0,8;24;58;103,4;108,8;ATL;28;185,42;0,8;2,6;0,4;0,4;;;;;;;;;;;;;
J. Evans;AL/AP;1;0;5;2;1;0;0;1,00;0,00;0,00;0;1;1;2;1;0;24;58;103,4;108,8;ATL;30;205,74;1;1;0;0;;;;;;;;;;;;;
N. Brussino;ES/AL;4;0;2,5;0;0,8;0;0;0,00;0,00;0,00;0;0;0;0,3;0;0,8;24;58;103,4;108,8;ATL;25;203,2;0;0,5;0;0;;;;;;;;;;;;;
K. Irving;B/ES;60;60;32,2;24,4;3,8;3,8;5,1;0,49;0,41;0,89;1,1;2,3;2;22,7;0,6;3,2;55;27;104;100,4;BOS;26;190,5;8,9;18,1;3,9;4,4;;;;;;;;;;;;;
J. Brown;ES/AL;70;70;30,7;14,5;4,9;4,9;1,6;0,47;0,40;0,64;1;1,8;2,6;13,4;0,9;4;55;27;104;100,4;BOS;21;200,66;5,3;11,5;2,1;3,3;;;;;;;;;;;;;
J. Tatum;AL/AP;80;80;30,5;13,9;5;5;1,6;0,48;0,43;0,83;1;1,4;2,1;14,8;0,6;4,4;55;27;104;100,4;BOS;20;203,2;5;10,4;2,7;3,2;;;;;;;;;;;;;
M. Morris;AL/AP;54;21;26,7;13,6;5,4;5,4;1,3;0,43;0,37;0,81;0,6;1,2;1,9;12,9;0,8;4,6;55;27;104;100,4;BOS;28;205,74;4,9;11,3;2,3;2,9;;;;;;;;;;;;;
A. Horford;P/AP;72;72;31,6;12,9;7,4;7,4;4,7;0,49;0,43;0,78;0,6;1,8;1,9;19,1;1,4;5,9;55;27;104;100,4;BOS;32;208,28;5,1;10,5;1,3;1,7;;;;;;;;;;;;;
T. Rozier;B/ES;80;16;25,9;11,3;4,7;4,7;2,9;0,40;0,38;0,77;1;1;1,5;12,6;0,8;3,9;55;27;104;100,4;BOS;24;187,96;4;10;1,4;1,9;;;;;;;;;;;;;
M. Smart;B/ES;54;11;29,9;10,2;3,5;3,5;4,8;0,37;0,30;0,73;1,3;2,4;2,5;11,1;2;4,3;55;27;104;100,4;BOS;24;193,04;3,5;9,5;1,8;2,5;;;;;;;;;;;;;
G. Monroe;P;26;0;19,1;10,2;6,3;6,3;2,3;0,53;0,00;0,80;1,1;1,8;1,8;14,6;0,8;2,7;55;27;104;100,4;BOS;28;210,82;4;7,6;2,1;2,7;;;;;;;;;;;;;
J. Gibson;B/ES;4;0;10;8,5;0,8;0,8;1;0,61;0,50;0,00;0;0,8;1,3;7,3;0;0,8;55;27;104;100,4;BOS;30;187,96;3,5;5,8;0;0;;;;;;;;;;;;;
A. Baynes;P;81;67;18,3;6;5,4;5,4;1,1;0,47;0,14;0,76;0,3;1;2,5;9,2;1,6;3,8;55;27;104;100,4;BOS;31;208,28;2,6;5,5;0,7;1;;;;;;;;;;;;;
D. Theis;P/AP;63;3;14,8;5,3;4,3;4,3;0,9;0,54;0,31;0,75;0,5;0,9;2,5;8,8;1,4;2,9;55;27;104;100,4;BOS;26;205,74;2;3,7;1;1,3;;;;;;;;;;;;;
S. Larkin;B;54;2;14,4;4,3;1,7;1,7;1,8;0,38;0,36;0,87;0,5;0,6;1,1;5,2;0,3;1,4;55;27;104;100,4;BOS;25;180,34;1,6;4,1;0,6;0,7;;;;;;;;;;;;;
A. Nader;AL/AP;48;1;10,9;3;1,5;1,5;0,5;0,34;0,35;0,59;0,3;0,7;0,9;2,5;0,3;1,2;55;27;104;100,4;BOS;24;198,12;1;3,1;0,5;0,8;;;;;;;;;;;;;
J. Bird;ES/AL;13;1;8,8;3;1,5;1,5;0,6;0,58;0,43;0,46;0,2;0,6;0,5;3,4;0,5;1;55;27;104;100,4;BOS;23;198,12;1,2;2;0,5;1;;;;;;;;;;;;;
S. Ojeleye;AL/AP;73;0;15,8;2,7;2,2;2,2;0,3;0,35;0,32;0,61;0,3;0,3;1,2;3,2;0,5;1,7;55;27;104;100,4;BOS;23;200,66;0,9;2,6;0,3;0,6;;;;;;;;;;;;;
G. Yabusele;P/AP;33;4;7,1;2,4;1,6;1,6;0,5;0,43;0,32;0,68;0,1;0,4;0,7;3,1;0,5;1,1;55;27;104;100,4;BOS;22;203,2;0,8;1,8;0,5;0,7;;;;;;;;;;;;;
G. Hayward;AL/AP;1;1;5;2;1;1;0;0,50;0,00;0,00;0;0;1;2;0;1;55;27;104;100,4;BOS;28;203,2;1;2;0;0;;;;;;;;;;;;;
K. Allen;B/ES;18;1;5,9;1,1;0,6;0,6;0,7;0,27;0,00;0,78;0,2;0,5;0,8;1,1;0,2;0,4;55;27;104;100,4;BOS;25;190,5;0,3;1,2;0,4;0,5;;;;;;;;;;;;;
X. Silas;ES;2;0;3,5;0;1;1;0;0,00;0,00;0,00;0,5;0;0,5;0;0,5;0,5;55;27;104;100,4;BOS;30;195,58;0;1,5;0;0;;;;;;;;;;;;;
J. Eddie;ES/AL;2;0;3;0;0,5;0,5;0;0,00;0,00;0,00;0,5;0;0;0,5;0;0,5;55;27;104;100,4;BOS;26;200,66;0;0,5;0;0;;;;;;;;;;;;;
J. Lin;B/ES;1;1;25;18;0;0;4;0,42;0,50;1,00;0;3;3;12;0;0;28;54;106,6;110,3;BKN;29;190,5;5;12;7;7;;;;;;;;;;;;;
D. Russell;B/ES;48;35;25,7;15,5;3,9;0,4;5,2;0,41;0,32;0,74;0,8;3,1;1,9;13,7;0,6;3,3;28;54;106,6;110,3;BKN;22;195,58;5,8;14;2;2,7;;;;;;;;;;;;;
R. Hollis-Jeff.;AL/AP;68;59;28,3;13,9;6,8;0,7;2,5;0,47;0,24;0,79;1;1,8;2,1;16,4;1,5;5,3;28;54;106,6;110,3;BKN;23;200,66;5;10,6;3,7;4,6;;;;;;;;;;;;;
D. Carroll;AL/AP;73;73;29,9;13,5;6,6;0,4;2;0,41;0,37;0,76;0,8;1,4;2,3;14,8;1,4;5,1;28;54;106,6;110,3;BKN;26;198,12;4,5;10,8;2,6;3,4;;;;;;;;;;;;;
A. Crabbe;ES/AL;75;68;29,3;13,2;4,3;0,5;1,6;0,41;0,38;0,85;0,6;1;2,2;12,3;0,4;3,9;28;54;106,6;110,3;BKN;26;198,12;4,5;11;1,5;1,8;;;;;;;;;;;;;
S. Dinwiddie;B/ES;80;58;28,8;12,6;3,2;0,3;6,6;0,39;0,33;0,81;0,9;1,6;2,3;14,9;0,5;2,7;28;54;106,6;110,3;BKN;25;198,12;4,1;10,5;2,7;3,4;;;;;;;;;;;;;
C. LeVert;ES/AL;71;10;26,2;12,1;3,7;0,3;4,2;0,44;0,35;0,71;1,2;2,2;2,2;12,7;0,7;2,9;28;54;106,6;110,3;BKN;23;200,66;4,5;10,4;1,9;2,6;;;;;;;;;;;;;
J. Harris;ES/AL;78;14;25,3;10,8;3,3;0,3;1,6;0,49;0,42;0,83;0,4;1,2;2;11,1;0,7;2,7;28;54;106,6;110,3;BKN;26;198,12;3,9;8;1,1;1,3;;;;;;;;;;;;;
T. Booker;P/AP;18;6;21,9;10,1;6,6;0,3;2,1;0,51;0,25;0,56;0,4;1,7;2,4;12,7;2,1;4,5;28;54;106,6;110,3;BKN;30;203,2;4,3;8,3;1,3;2,4;;;;;;;;;;;;;
J. Allen;P;72;31;20;8,2;5,4;1,2;0,7;0,59;0,33;0,78;0,4;1,1;2;12;2;3,4;28;54;106,6;110,3;BKN;27;200,66;3,3;5,5;1,6;2;;;;;;;;;;;;;
D. Cunningham;AL/AP;22;1;20,3;7,5;4,8;0,6;1;0,47;0,38;0,69;0,5;0,8;1,6;10;1,3;3,5;28;54;106,6;110,3;BKN;31;203,2;3;6,3;0,5;0,7;;;;;;;;;;;;;
T. Zeller;P;42;33;16,7;7,1;4,6;0,5;0,7;0,55;0,39;0,67;0,2;0,8;1,9;9,3;1,5;3,1;28;54;106,6;110,3;BKN;28;213,36;3;5,5;1;1,4;;;;;;;;;;;;;
J. Okafor;P;26;0;12,6;6,4;2,9;0,6;0,4;0,57;0,25;0,76;0,1;0,7;1,7;7,4;0,7;2,3;28;54;106,6;110,3;BKN;22;210,82;2,8;5;0,7;1;;;;;;;;;;;;;
I. Whitehead;B/ES;16;0;11,3;6,3;1,6;0,1;1,3;0,47;0,39;0,68;0,5;1,5;1,4;5;0,3;1,4;28;54;106,6;110,3;BKN;24;193,04;2,5;5,4;0,8;1,2;;;;;;;;;;;;;
Q. Acy;P/AP;70;8;19,4;5,9;3,7;0,4;0,8;0,36;0,35;0,82;0,5;0,9;2,1;6,9;0,6;3,1;28;54;106,6;110,3;BKN;27;200,66;1,9;5,2;0,7;0,9;;;;;;;;;;;;;
N. Stauskas;ES;35;0;13,7;5,1;1,8;0,1;1,1;0,39;0,40;0,70;0,1;0,6;0,6;4,7;0,1;1,7;28;54;106,6;110,3;BKN;24;193,04;1,7;4,3;0,5;0,8;;;;;;;;;;;;;
S. Kilpatrick;ES/AL;16;0;11,4;4,9;2,2;0,1;0,9;0,29;0,26;0,95;0,1;1;0,5;3,3;0,1;2,1;28;54;106,6;110,3;BKN;28;193,04;1,6;5,4;1,1;1,2;;;;;;;;;;;;;
T. Mozgov;P;31;13;11,6;4,2;3,2;0,4;0,4;0,56;0,22;0,77;0,2;1,1;1,3;5,7;1;2,1;28;54;106,6;110,3;BKN;31;215,9;1,7;3;0,7;1;;;;;;;;;;;;;
M. Doyle;B/ES;10;0;12,5;3,4;1,8;0,2;1;0,28;0,17;0,50;0,6;0,2;1,3;3;0,3;1,5;28;54;106,6;110,3;BKN;24;193,04;1,3;4,7;0,4;0,8;;;;;;;;;;;;;
J. Webb;AL/AP;10;0;12;1,6;2,4;0;0,4;0,25;0,21;0,00;0,1;0,4;1;2,3;0,8;1,6;28;54;106,6;110,3;BKN;24;205,74;0,6;2,4;0;0;;;;;;;;;;;;;
J. Wiley;AP;5;0;6,6;0,8;2,2;0;0,4;0,25;0,50;0,50;0,2;0;0,8;2,8;0,4;1,8;28;54;106,6;110,3;BKN;23;203,2;0,2;0,8;0,2;0,4;;;;;;;;;;;;;
R. Vaughn;ES;1;0;4;0;0;0;1;0,00;0,00;0,00;0;0;1;1;0;0;28;54;106,6;110,3;BKN;21;198,12;0;0;0;0;;;;;;;;;;;;;
K. Walker;B;80;80;34,2;22,1;3,1;0,3;5,6;0,43;0,38;0,86;1,1;2,2;1,2;19,6;0,4;2,7;36;46;108,2;108;CHA;28;185,42;7,4;17;4,5;5,3;;;;;;;;;;;;;
D. Howard;P;81;81;30,4;16,6;12,5;1,6;1,3;0,56;0,14;0,57;0,6;2,6;3,1;22;3,1;9,3;36;46;108,2;108;CHA;32;210,82;6,2;11,2;4,1;7,2;;;;;;;;;;;;;
J. Lamb;ES/AL;80;18;24,6;12,9;4,1;0,4;2,3;0,46;0,37;0,86;0,8;1,2;1,7;13,3;0,6;3,4;36;46;108,2;108;CHA;26;195,58;4,8;10,4;2,2;2,6;;;;;;;;;;;;;
N. Batum;AP;64;64;31;11,6;4,8;0,4;5,5;0,42;0,34;0,83;1;2;1,1;14,8;0,9;3,9;36;46;108,2;108;CHA;32;205,74;4,2;10,2;1,7;2;;;;;;;;;;;;;
F. Kaminsky;P/AP;79;4;23,2;11,1;3,6;0,2;1,6;0,43;0,38;0,80;0,5;0,8;1,2;10,5;0,6;3,1;36;46;108,2;108;CHA;25;213,36;3,9;9,1;2;2,5;;;;;;;;;;;;;
M. Williams;AP;78;78;25,7;9,5;4,7;0,5;1,2;0,46;0,41;0,83;0,7;0,8;1,5;11,7;0,9;3,8;36;46;108,2;108;CHA;32;205,74;3,3;7,2;1,3;1,6;;;;;;;;;;;;;
M. Kidd-Gilchr.;AL/AP;74;74;25;9,2;4,1;0,4;1;0,50;0,00;0,68;0,7;0,7;1,9;10,2;1,1;2,9;36;46;108,2;108;CHA;24;200,66;3,8;7,6;1,6;2,3;;;;;;;;;;;;;
C. Zeller;P;33;0;19;7,1;5,4;0,6;0,9;0,55;0,67;0,72;0,4;1;2,5;10,5;2;3,3;36;46;108,2;108;CHA;25;213,36;2,6;4,7;1,8;2,6;;;;;;;;;;;;;
M. Monk;B/ES;63;0;13,6;6,7;1;0,1;1,4;0,36;0,34;0,84;0,3;0,8;1;4,4;0,1;0,9;36;46;108,2;108;CHA;20;190,5;2,4;6,7;0,5;0,6;;;;;;;;;;;;;
W. Hernangóm.;P;22;1;11,9;6,1;5,3;0,4;0,5;0,51;0,57;0,76;0,5;0,4;1,5;9,9;1,8;3,5;36;46;108,2;108;CHA;24;210,82;1,9;3,8;2,1;2,8;;;;;;;;;;;;;
J. O'Bryant;P/AP;36;0;10,5;4,8;2,6;0,2;0,4;0,40;0,33;0,84;0,2;0,4;1,3;4,8;0,8;1,8;36;46;108,2;108;CHA;25;205,74;1,9;4,8;0,6;0,7;;;;;;;;;;;;;
M. Carter-Will.;B/ES;52;2;16,1;4,6;2,7;0,4;2,2;0,33;0,24;0,82;0,8;1;1,9;6,5;0,7;1,9;36;46;108,2;108;CHA;26;198,12;1,5;4,4;1,4;1,7;;;;;;;;;;;;;
T. Graham;ES/AL;63;2;16,7;4,3;1,9;0;0,9;0,43;0,41;0,70;0,5;0,4;1,7;5;0,7;1,3;36;46;108,2;108;CHA;24;195,58;1,5;3,5;0,7;0,9;;;;;;;;;;;;;
D. Bacon;ES/AL;53;6;13,5;3,3;2,3;0;0,7;0,38;0,26;0,80;0,3;0,4;0,9;3,9;0,1;2,3;36;46;108,2;108;CHA;22;200,66;1,4;3,6;0,4;0,5;;;;;;;;;;;;;
M. Paige;B;5;0;5,6;2,4;0,8;0;0,6;0,29;0,25;1,00;0;0;0;1,8;0;0,8;36;46;108,2;108;CHA;24;182,88;0,8;2,8;0,4;0,4;;;;;;;;;;;;;
M. Mathiang;P/AP;4;0;5;2;2,5;0;0;0,57;0,00;0,00;0,3;0;1,3;3,8;0,8;1,8;36;46;108,2;108;CHA;25;208,28;1;1,8;0;0,3;;;;;;;;;;;;;
J. Stone;B;23;0;7,6;0,8;1,3;0,1;1,1;0,46;0,46;0,50;0,2;0,3;0,9;2,8;0;1,2;36;46;108,2;108;CHA;29;198,12;0,3;0,6;0;0,1;;;;;;;;;;;;;
N. Mirotic;AP;25;3;24,9;16,8;6,4;0,5;1,6;0,47;0,43;0,82;0,6;1,2;1,8;17,7;0,7;5,6;27;55;102,9;110;CHI;27;208,28;5,7;12,1;2,6;3,2;;;;;;;;;;;;;
Z. LaVine;ES/AL;24;24;27,3;16,7;3,9;0,2;3;0,38;0,34;0,81;1;1,8;2,3;13;0,4;3,5;27;55;102,9;110;CHI;23;195,58;5,7;14,8;3,6;4,5;;;;;;;;;;;;;
S. Kilpatrick;ES/AL;9;1;23,8;15,4;2,8;0,3;1,4;0,44;0,40;0,81;0,7;1,3;0,9;12;0,3;2,4;27;55;102,9;110;CHI;28;193,04;5,2;11,9;2,9;3,6;;;;;;;;;;;;;
L. Markkanen;AL/AP;68;68;29,7;15,2;7,5;0,6;1,2;0,43;0,36;0,84;0,6;1,2;1,5;16,2;1,2;6,3;27;55;102,9;110;CHI;21;213,36;5,5;12,7;2,1;2,4;;;;;;;;;;;;;
K. Dunn;B/ES;52;43;29,3;13,4;4,3;0,5;6;0,43;0,32;0,74;2;2,9;3,3;15,4;0,5;3,8;27;55;102,9;110;CHI;24;193,04;5,5;12,8;1,6;2,2;;;;;;;;;;;;;
B. Portis;P/AP;73;4;22,5;13,2;6,8;0,3;1,7;0,47;0,36;0,77;0,7;1,4;1,8;14,9;2,2;4,6;27;55;102,9;110;CHI;23;210,82;5,2;11,1;1,6;2,1;;;;;;;;;;;;;
J. Holiday;ES/AL;72;72;31,5;12,2;4;0,4;2,1;0,37;0,36;0,82;1,1;1,3;1,9;11,3;0,4;3,6;27;55;102,9;110;CHI;29;198,12;4;10,9;1,9;2,3;;;;;;;;;;;;;
R. Lopez;P;64;64;26,4;11,8;4,5;0,8;1,9;0,53;0,29;0,76;0,2;1,7;1,7;12,6;2,1;2,4;27;55;102,9;110;CHI;30;213,36;5,3;10,1;1,1;1,4;;;;;;;;;;;;;
D. Valentine;ES/AL;77;37;27,2;10,2;5,1;0,1;3,2;0,42;0,39;0,75;0,8;1,3;2,4;12,5;0,6;4,5;27;55;102,9;110;CHI;24;198,12;3,9;9,4;0,5;0,7;;;;;;;;;;;;;
C. Payne;B/ES;25;14;23,3;8,8;2,8;0,4;4,5;0,41;0,39;0,75;1;1,4;1,8;10,8;0,7;2;27;55;102,9;110;CHI;23;190,5;3,5;8,6;0,5;0,6;;;;;;;;;;;;;
J. Grant;ES;74;26;22,8;8,4;2,3;0,1;4,6;0,42;0,33;0,75;0,9;1,2;1,8;10,4;0,4;1,9;27;55;102,9;110;CHI;25;193,04;2,8;6,8;1,9;2,5;;;;;;;;;;;;;
D. Nwaba;AL;70;21;23,5;7,9;4,7;0,4;1,5;0,48;0,35;0,66;0,8;1,1;2,3;10,1;0,2;1,5;27;55;102,9;110;CHI;25;193,04;2,9;6;1,9;2,9;;;;;;;;;;;;;
A. Blakeney;ES/AL;19;0;16,5;7,9;1,7;0,1;1,1;0,37;0,29;0,77;0,4;0,6;1;5,4;1,3;3,4;27;55;102,9;110;CHI;21;193,04;2,8;7,5;1,6;2,1;;;;;;;;;;;;;
N. Vonleh;P;21;4;19;6,9;6,9;0,3;1;0,41;0,30;0,48;0,6;0,8;1,2;10,4;1,7;5,2;27;55;102,9;110;CHI;22;205,74;2,7;6,6;0,6;1,3;;;;;;;;;;;;;
C. Felicio;P;55;16;17,8;5,6;4,2;0,2;1;0,59;0,00;0,67;0,3;1;1,9;8,3;1,5;2,7;27;55;102,9;110;CHI;25;205,74;2,3;3,9;1;1,5;;;;;;;;;;;;;
P. Zipser;AL/AP;54;12;15,3;4;2,4;0,3;0,9;0,35;0,34;0,76;0,4;0,8;1,6;4,2;0,2;2,2;27;55;102,9;110;CHI;24;203,2;1,5;4,3;0,4;0,5;;;;;;;;;;;;;
K. Felder;B;14;0;9,6;3,9;1;0,1;1,4;0,30;0,22;0,92;0,2;1,1;0,8;2,2;0,1;0,9;27;55;102,9;110;CHI;23;175,26;1,4;4,7;0,8;0,9;;;;;;;;;;;;;
R. Arcidiacono;B;24;0;12,7;2;1;0;1,5;0,42;0,29;0,83;0,5;0,5;0,8;3,5;0;1;27;55;102,9;110;CHI;24;190,5;0,7;1,7;0,2;0,3;;;;;;;;;;;;;
Q. Pondexter;ES/AL;23;1;8,5;2;1,2;0,1;0,4;0,29;0,14;0,82;0,3;0,5;1;1,8;0,3;0,8;27;55;102,9;110;CHI;30;200,66;0,6;2,1;0,6;0,7;;;;;;;;;;;;;
O. Asik;P;4;0;15,3;1;2,5;0,5;0,3;0,33;0,00;0,00;0,3;1;1,5;2,3;0,5;2;27;55;102,9;110;CHI;31;213,36;0,5;1,5;0;0,3;;;;;;;;;;;;;
J. Eddie;ES/AL;1;0;3;0;0;0;0;0,00;0,00;0,00;0;0;0;-1;0;0;27;55;102,9;110;CHI;26;200,66;0;1;0;0;;;;;;;;;;;;;
L. James;AL/AP;82;82;36,9;27,5;8,6;0,9;9,1;0,54;0,37;0,73;1,4;4,2;1,7;32,7;1,2;7,5;50;32;110,9;109,9;CLE;33;203,2;10,5;19,3;4,7;6,5;;;;;;;;;;;;;
K. Love;P/AP;59;59;28;17,6;9,3;0,4;1,7;0,46;0,42;0,88;0,7;1,5;2;21;1,7;7,5;50;32;110,9;109,9;CLE;29;208,28;5,7;12,4;4;4,5;;;;;;;;;;;;;
I. Thomas;B;15;14;27,1;14,7;2,1;0,1;4,5;0,36;0,25;0,87;0,6;2,7;1,7;10,5;0,5;1,6;50;32;110,9;109,9;CLE;29;175,26;4,7;12,9;3,9;4,5;;;;;;;;;;;;;
J. Clarkson;B/ES;28;0;22,6;12,6;2,1;0,1;1,7;0,46;0,41;0,81;0,7;1,1;1,6;10,1;0,5;1,6;50;32;110,9;109,9;CLE;26;195,58;4,7;10,3;1,7;2,1;;;;;;;;;;;;;
D. Wade;ES;46;3;23,2;11,2;3,9;0,7;3,5;0,46;0,33;0,70;0,9;2;1,8;12,2;0,8;3,1;50;32;110,9;109,9;CLE;36;193,04;4,3;9,5;2;2,9;;;;;;;;;;;;;
J. Green;AL/AP;78;14;23,4;10,8;3,1;0,4;1,3;0,48;0,31;0,87;0,5;1;1,9;10,7;0,8;2,4;50;32;110,9;109,9;CLE;31;205,74;3,8;7,9;2,6;3;;;;;;;;;;;;;
R. Hood;ES/AL;21;11;25,3;10,8;2,6;0,2;1,4;0,44;0,35;0,81;0,7;0,3;2;9,9;0,4;2,2;50;32;110,9;109,9;CLE;25;203,2;4,2;9,5;1,2;1,5;;;;;;;;;;;;;
D. Rose;B/ES;16;7;19,3;9,8;1,8;0,3;1,6;0,44;0,25;0,85;0,2;1,8;0,9;6,9;0,6;1,2;50;32;110,9;109,9;CLE;29;190,5;3,6;8,3;2,2;2,6;;;;;;;;;;;;;
G. Hill;B/ES;24;24;27,9;9,4;2,7;0,6;2,8;0,44;0,35;0,81;0,9;1,2;2,2;10,6;0,8;1,8;50;32;110,9;109,9;CLE;32;190,5;3,5;7,8;1,4;1,7;;;;;;;;;;;;;
K. Korver;ES/AL;73;4;21,6;9,2;2,3;0,4;1,2;0,46;0,44;0,89;0,4;0,8;1,8;9;0,1;2,1;50;32;110,9;109,9;CLE;37;200,66;3;6,6;0,9;1;;;;;;;;;;;;;
L. Nance, Jr.;P/AP;24;9;20,8;8,9;7;0,8;1;0,55;0,13;0,72;1,2;0,4;2,5;14,9;2,2;4,8;50;32;110,9;109,9;CLE;25;205,74;3,7;6,7;1,5;2,1;;;;;;;;;;;;;
J. Crowder;AL/AP;53;47;25,4;8,6;3,3;0,2;1,1;0,42;0,33;0,85;0,8;0,8;2,3;8,7;0,8;2,5;50;32;110,9;109,9;CLE;27;198,12;3;7,1;1,5;1,7;;;;;;;;;;;;;
J. Smith;ES/AL;80;61;28,1;8,3;2,9;0,1;1,8;0,40;0,38;0,70;0,9;1;2;8,3;0,4;2,6;50;32;110,9;109,9;CLE;32;198,12;3;7,4;0,5;0,7;;;;;;;;;;;;;
T. Thompson;P;53;22;20,2;5,8;6,6;0,3;0,6;0,56;0,00;0,54;0,3;0,7;1,9;10,4;2,4;4,3;50;32;110,9;109,9;CLE;27;205,74;2,5;4,4;0,8;1,5;;;;;;;;;;;;;
C. Frye;P;44;1;12,4;4,8;2,5;0,3;0,6;0,50;0,33;0,93;0,4;0,4;1,2;6,3;0,2;2,3;50;32;110,9;109,9;CLE;35;210,82;1,9;3,8;0,3;0,3;;;;;;;;;;;;;
J. Calderón;B;57;32;16;4,5;1,5;0;2,1;0,50;0,46;0,80;0,5;0,7;1,4;6,1;0,2;1,2;50;32;110,9;109,9;CLE;36;190,5;1,6;3,2;0,4;0,5;;;;;;;;;;;;;
I. Shumpert;ES/AL;14;6;19,7;4,4;2,9;0,3;1,2;0,38;0,27;0,73;0,6;1,1;1,6;5,5;0,5;2,4;50;32;110,9;109,9;CLE;28;196;1,6;4,1;0,8;1,1;;;;;;;;;;;;;
C. Osman;AL/AP;61;12;11;3,9;2;0;0,7;0,48;0,37;0,57;0,4;0,5;1,3;4,5;0,3;1,7;50;32;110,9;109,9;CLE;23;203,2;1,5;3;0,4;0,8;;;;;;;;;;;;;
A. Zizic;P;32;2;6,7;3,7;1,9;0,4;0,2;0,73;0,00;0,72;0,1;0,3;0,9;5,1;0,8;1,1;50;32;110,9;109,9;CLE;21;210,82;1,5;2,1;0,7;0,9;;;;;;;;;;;;;
K. Perkins;P;1;0;15;3;1;0;2;0,50;0,00;0,50;1;1;1;4;0;1;50;32;110,9;109,9;CLE;33;208,28;1;2;1;2;;;;;;;;;;;;;
J. Holland;AL;24;0;7,3;2,3;1;0,1;0,2;0,29;0,31;0,69;0,3;0,3;0,4;1,6;0,3;0,8;50;32;110,9;109,9;CLE;29;195,58;0,7;2,5;0,4;0,5;;;;;;;;;;;;;
L. Perrantes;B;14;0;4,7;0,5;0,3;0,1;0,4;0,15;0,00;0,60;0,1;0,1;0,4;0,4;0,1;0,2;50;32;110,9;109,9;CLE;24;188;0,1;0,9;0,2;0,4;;;;;;;;;;;;;
H. Barnes;AL/AP;77;77;34,2;18,9;6,1;0,2;2;0,45;0,36;0,83;0,6;1,5;1,2;16,8;1;5,1;24;58;102,3;105,4;DAL;26;203,2;7;15,7;3,4;4,1;;;;;;;;;;;;;
D. Smith Jr.;B;69;69;29,7;15,2;3,8;0,3;5,2;0,40;0,31;0,69;1;2,8;2,2;12,8;0,7;3;24;58;102,3;105,4;DAL;20;190,5;5,9;14,8;1,9;2,8;;;;;;;;;;;;;
W. Matthews;ES/AL;63;63;33,8;12,7;3,1;0,3;2,7;0,41;0,38;0,82;1,2;1,3;2,2;11,9;0,4;2,7;24;58;102,3;105,4;DAL;31;195,58;4,5;11,1;1,3;1,6;;;;;;;;;;;;;
D. Nowitzki;P/AP;77;77;24,7;12;5,7;0,6;1,6;0,46;0,41;0,90;0,6;0,7;1,9;14,3;0,3;5,4;24;58;102,3;105,4;DAL;40;213,36;4,5;9,8;1,3;1,4;;;;;;;;;;;;;
J. Barea;B;69;11;23,2;11,6;2,9;0;6,3;0,44;0,37;0,78;0,5;2,1;1,2;13,4;0,2;2,7;24;58;102,3;105,4;DAL;34;182,88;4,4;10;1,2;1,5;;;;;;;;;;;;;
Y. Ferrell;B/ES;82;21;27,8;10,2;3;0,1;2,5;0,43;0,37;0,80;0,8;1;1,9;10,3;0,3;2,7;24;58;102,3;105,4;DAL;25;182,88;3,8;8,9;1;1,3;;;;;;;;;;;;;
D. McDermott;AL;26;3;22,9;9;2,5;0,2;1,1;0,48;0,49;0,86;0,3;0,8;1,9;8,6;0,3;2,3;24;58;102,3;105,4;DAL;26;203,2;3,3;6,9;0,9;1,1;;;;;;;;;;;;;
J. Motley;P/AP;11;4;16;8,7;4,5;0,2;0,6;0,53;0,17;0,54;0,3;0,8;1,6;9,1;1,3;3,2;24;58;102,3;105,4;DAL;23;208,28;3,6;6,8;1,4;2,5;;;;;;;;;;;;;
D. Powell;P;79;24;21,2;8,5;5,6;0,4;1,2;0,59;0,33;0,72;0,8;0,7;2,4;12,9;1,7;3,9;24;58;102,3;105,4;DAL;26;210,82;3,2;5,4;1,7;2,3;;;;;;;;;;;;;
D. Harris;B/ES;44;1;18,3;8,5;1,9;0,2;1,9;0,42;0,35;0,83;0,8;1,1;2,3;8;0,2;1,7;24;58;102,3;105,4;DAL;23;193,04;2,7;6,5;2,1;2,5;;;;;;;;;;;;;
A. Harrison;ES;9;3;25,9;6,7;2,7;0,2;1,2;0,28;0,21;0,77;1;0,3;3;5,4;0,4;2,2;24;58;102,3;105,4;DAL;23;198,12;2,1;7,7;1,4;1,9;;;;;;;;;;;;;
J. Jones;AL/AP;11;0;14,7;6,3;3,2;0,1;0,4;0,39;0,36;0,59;0,5;0,6;1,8;5,5;1;2,5;24;58;102,3;105,4;DAL;25;200,66;2,1;5,3;0,8;1,4;;;;;;;;;;;;;
D. Finney-Smith;AL/AP;21;13;21,3;5,9;3,6;0,2;1,2;0,38;0,30;0,73;0,5;1;2;6,6;1,1;1,8;24;58;102,3;105,4;DAL;25;203,2;2,2;5,8;0,5;0,7;;;;;;;;;;;;;
J. Warney;AL/AP;3;0;9;5,7;3;0;0;0,58;0,00;0,60;0;0,3;0,7;6;1,3;1,7;24;58;102,3;105,4;DAL;24;203,2;2,3;4;1;1,7;;;;;;;;;;;;;
M. Kleber;P/AP;72;35;16,8;5,4;3,3;0,7;0,7;0,49;0,31;0,75;0,4;0,4;1,6;7,5;1;2,3;24;58;102,3;105,4;DAL;26;210,82;2,1;4,3;0,6;0,8;;;;;;;;;;;;;
N. Noel;P;29;6;16,3;4,5;5,8;0,8;0,7;0,52;0,00;0,75;1,1;0,9;2;10;1,6;4;24;58;102,3;105,4;DAL;24;210,82;1,8;3,5;0,7;0,9;;;;;;;;;;;;;
S. Mejri;P;60;1;12,2;3,6;4,1;1,1;0,6;0,64;0,00;0,58;0,4;0,7;2;7,8;1,4;2,6;24;58;102,3;105,4;DAL;32;218,44;1,4;2,2;0,6;1,1;;;;;;;;;;;;;
K. Collinsworth;B/ES;32;2;15;3,2;3,3;0,3;1,8;0,38;0,24;0,53;0,5;0,8;1,4;5,8;1;2,3;24;58;102,3;105,4;DAL;26;198,12;1,2;3,1;0,7;1,3;;;;;;;;;;;;;
G. Clavell;ES;7;0;9,1;2,9;1;0;0,4;0,33;0,40;1,00;0,3;0,3;1,1;2,6;0,1;0,9;24;58;102,3;105,4;DAL;24;193,04;0,9;2,6;0,3;0,3;;;;;;;;;;;;;
J. Withey;P;9;0;4,3;1,7;1,1;0,3;0;0,38;0,20;0,50;0;0,2;0,3;1,7;0,1;0,9;24;58;102,3;105,4;DAL;28;213,36;0,6;1,6;0,1;0,2;;;;;;;;;;;;;
S. Hopson;ES/AL;1;0;8;1;0;0;1;0,00;0,00;0,50;0;1;0;-1;0;0;24;58;102,3;105,4;DAL;28;200,66;0;1;1;2;;;;;;;;;;;;;
A. Cleveland;ES;13;0;6,2;0,8;0,8;0,3;0,2;0,29;0,00;0,50;0,5;0,2;0,8;1,4;0,2;0,6;24;58;102,3;105,4;DAL;24;198,12;0,3;1,1;0,2;0,3;;;;;;;;;;;;;
J. McRoberts;AP;2;0;3;0;0;0;0;0,00;0,00;0,00;0;0;1;-0,5;0;0;24;58;102,3;105,4;DAL;28;200,66;0;0,5;0;0;;;;;;;;;;;;;
N. Jokic;P;75;73;32,6;18,5;10,7;0,8;6,1;0,50;0,40;0,85;1,2;2,8;2,8;27,1;2,6;8,1;46;36;110;108,5;DEN;23;208,28;6,7;13,5;3,5;4,2;;;;;;;;;;;;;
G. Harris;ES;67;65;34,4;17,5;2,6;0,2;2,9;0,49;0,40;0,83;1,8;1,8;1,8;15,9;0,6;2,1;46;36;110;108,5;DEN;23;193,04;6,6;13,6;2;2,4;;;;;;;;;;;;;
J. Murray;B/ES;81;80;31,7;16,7;3,7;0,3;3,4;0,45;0,38;0,91;1;2,1;2,1;15,4;1;2,7;46;36;110;108,5;DEN;21;193,04;5,9;13,1;2,8;3,1;;;;;;;;;;;;;
W. Barton;ES/AL;81;40;33,1;15,7;5;0,6;4,1;0,45;0,37;0,81;1;1,8;2,1;17,1;0,9;4,2;46;36;110;108,5;DEN;27;198,12;5,7;12,7;2,2;2,8;;;;;;;;;;;;;
P. Millsap;P/AP;38;37;30,1;14,6;6,4;1,2;2,8;0,46;0,35;0,70;1;1,9;2,6;16,7;1,7;4,7;46;36;110;108,5;DEN;33;203,2;5,3;11,4;2,9;4,2;;;;;;;;;;;;;
W. Chandler;AL/AP;74;71;31,7;10;5,4;0,5;2,1;0,45;0,36;0,77;0,6;1,2;2,1;12,3;1,4;4;46;36;110;108,5;DEN;31;205,74;3,8;8,5;1,2;1,5;;;;;;;;;;;;;
T. Lyles;P/AP;73;2;19;9,9;4,8;0,5;1,2;0,49;0,38;0,71;0,4;0,8;1,5;11,5;0,8;4;46;36;110;108,5;DEN;22;208,28;3,7;7,5;1,4;2;;;;;;;;;;;;;
E. Mudiay;B;42;0;17,9;8,5;2,2;0,1;2,9;0,40;0,37;0,81;0,5;1,7;1,1;7,6;0,4;1,9;46;36;110;108,5;DEN;22;196;3,1;7,7;1,5;1,9;;;;;;;;;;;;;
D. Harris;B/ES;27;0;19,7;8,2;1,6;0,1;2,5;0,41;0,34;0,85;0,5;1;2;7,9;0,1;1,4;46;36;110;108,5;DEN;23;193,04;2,6;6,3;1,8;2,1;;;;;;;;;;;;;
M. Plumlee;P;74;26;19,4;7,1;5,4;1,1;1,9;0,60;0,00;0,46;0,7;1,4;2,5;11,5;1,8;3,6;46;36;110;108,5;DEN;28;210,82;3;5;1,1;2,4;;;;;;;;;;;;;
K. Faried;P/AP;32;7;14,4;5,9;4,8;0,4;0,6;0,51;0,00;0,71;0,4;0,7;1,6;8,6;2,1;2,7;46;36;110;108,5;DEN;28;203,2;2,4;4,6;1,1;1,6;;;;;;;;;;;;;
T. Craig;AP;39;5;16,1;4,2;3,3;0,4;0,6;0,45;0,29;0,63;0,3;0,5;1,6;6;1;2,2;46;36;110;108,5;DEN;27;198,12;1,6;3,5;0,6;0,9;;;;;;;;;;;;;
J. Hernangómez;AP;25;3;11,1;3,3;2,2;0,1;0,5;0,39;0,28;0,83;0,2;0,4;1;4;0;0,7;46;36;110;108,5;DEN;22;205,74;1,2;3;0,4;0,5;;;;;;;;;;;;;
M. Morris;B;3;0;8,3;3,3;0,7;0;2,3;0,67;0,00;1,00;1;0,3;0,3;6,3;0,7;1,4;46;36;110;108,5;DEN;23;190,5;1,3;2;0,7;0,7;;;;;;;;;;;;;
M. Beasley;ES/AL;62;0;9,4;3,2;1,1;0,1;0,5;0,41;0,34;0,67;0,2;0,4;0,6;2,9;0,2;0,9;46;36;110;108,5;DEN;21;195,58;1,2;2,9;0,4;0,5;;;;;;;;;;;;;
D. Arthur;AP;19;1;7,4;2,8;0,8;0,2;0,5;0,47;0,35;0,67;0,4;0,8;1,2;2,5;0,2;0,6;46;36;110;108,5;DEN;30;205,74;1,2;2,5;0,1;0,2;;;;;;;;;;;;;
R. Jefferson;AL;20;0;8,2;1,5;0,9;0,1;0,8;0,44;0,29;0,57;0,1;0,3;0,6;2,1;0,1;0,8;46;36;110;108,5;DEN;38;200,66;0,6;1,4;0,2;0,4;;;;;;;;;;;;;
T. Lydon;AP;1;0;2;0;0;0;0;0,00;0,00;0,00;0;0;0;0;0;0;46;36;110;108,5;DEN;22;205,74;0;0;0;0;;;;;;;;;;;;;
B. Griffin;P/AP;25;25;33,2;19,8;6,6;0,4;6,2;0,43;0,35;0,78;0,4;2,6;2,4;20,4;1,1;5,6;39;43;103,8;103,9;DET;22;200,66;7,2;16,7;3,5;4,4;;;;;;;;;;;;;
T. Harris;AL/AP;48;48;32,6;18,1;5,1;0,3;2;0,45;0,41;0,85;0,7;1,1;1,9;16,5;0,8;4,3;39;43;103,8;103,9;DET;25;205,74;6,7;14,8;2,4;2,8;;;;;;;;;;;;;
A. Drummond;P;78;78;33,7;15;16;1,6;3;0,53;0,00;0,61;1,5;2,6;3,2;27,2;0,5;1,9;39;43;103,8;103,9;DET;24;210,82;6;11,3;3,1;5,1;;;;;;;;;;;;;
A. Bradley;ES/AL;40;40;31,7;15;2,4;0,2;2,1;0,41;0,38;0,76;1,2;2,3;2;9,6;5,1;10,9;39;43;103,8;103,9;DET;27;187,96;5,8;14,3;1,5;2;;;;;;;;;;;;;
R. Jackson;B/ES;45;45;26,7;14,6;2,8;0,1;5,3;0,43;0,31;0,84;0,6;2,2;1,9;13,3;0,6;2,1;39;43;103,8;103,9;DET;22;200,66;5,5;12,8;2,5;3;;;;;;;;;;;;;
R. Bullock;AL/AP;62;52;27,9;11,3;2,5;0,2;1,5;0,49;0,45;0,80;0,8;0,8;1,1;10,8;0,4;2;39;43;103,8;103,9;DET;27;200,66;4,3;8,8;0,6;0,8;;;;;;;;;;;;;
I. Smith;B;82;35;24,9;10,9;2,7;0,2;4,4;0,49;0,35;0,70;0,8;1,3;1,7;12,3;0,3;2,4;39;43;103,8;103,9;DET;29;182,88;4,7;9,8;1;1,4;;;;;;;;;;;;;
A. Tolliver;P/AP;79;14;22,2;8,9;3,1;0,3;1,1;0,46;0,44;0,80;0,4;0,7;1,8;9,5;0,6;2,4;39;43;103,8;103,9;DET;33;203,2;2,8;6;1,3;1,7;;;;;;;;;;;;;
S. Johnson;AL/AP;69;50;27,4;8,7;3,7;0,2;1,6;0,38;0,29;0,77;1,4;1,1;2,4;8,9;0,5;3,2;39;43;103,8;103,9;DET;22;198;3;8,1;1,6;2,1;;;;;;;;;;;;;
L. Kennard;ES/AL;73;9;20;7,6;2,4;0,2;1,7;0,44;0,42;0,86;0,6;0,9;1,2;7,9;0,3;2,1;39;43;103,8;103,9;DET;22;195,58;2,8;6,4;0,9;1;;;;;;;;;;;;;
J. Ennis;AL/AP;27;8;20,4;7,5;2,5;0,2;0,8;0,46;0,30;0,77;0,6;0,7;2;7,3;0,7;1,7;39;43;103,8;103,9;DET;28;198;2,7;6;1,2;1,6;;;;;;;;;;;;;
D. Buycks;B;29;0;14,7;7,4;1,4;0,1;2;0,41;0,33;0,88;0,7;1,3;1,3;6,1;0,4;1;39;43;103,8;103,9;DET;29;190,5;2,8;6,8;1,2;1,4;;;;;;;;;;;;;
B. Marjanovic;P;18;1;9,5;6,6;3,2;0,3;0,8;0,52;0,00;0,80;0,2;1,2;1,6;7,2;0,8;2,2;39;43;103,8;103,9;DET;29;220,98;2,2;4,2;1,9;2,4;;;;;;;;;;;;;
L. Galloway;B/ES;58;2;14,9;6,2;1,6;0,1;1;0,37;0,34;0,81;0,6;0,3;0,7;5,3;0,2;1,4;39;43;103,8;103,9;DET;26;187,96;2,2;5,9;0,6;0,7;;;;;;;;;;;;;
J. Leuer;P/AP;8;0;17;5,4;4;0,4;0,6;0,42;0,00;0,87;0,1;0,9;2;6,8;0,9;3,1;39;43;103,8;103,9;DET;29;208,28;1,9;4,5;1,6;1,9;;;;;;;;;;;;;
H. Ellenson;P/AP;38;0;8,7;4;2,1;0;0,5;0,36;0,33;0,86;0,1;0,5;0,6;3,7;0,3;1,9;39;43;103,8;103,9;DET;21;210,82;1,4;3,8;0,7;0,8;;;;;;;;;;;;;
J. Nelson;B;7;0;16,6;3,7;1,1;0,1;3,3;0,28;0,07;1,00;0,6;1,6;2;3,3;0,3;0,9;39;43;103,8;103,9;DET;36;182,88;1,6;5,6;0,4;0,4;;;;;;;;;;;;;
E. Moreland;P/AP;67;3;12;2,1;4,1;0,8;1,2;0,54;0,00;0,38;0,5;0,6;1,7;7;1,2;2,9;39;43;103,8;103,9;DET;27;208;1;1,8;0,2;0,4;;;;;;;;;;;;;
R. Hearn;ES/AL;3;0;2,3;1;0;0;0;0,50;0,50;0,00;0;0;0;0,7;0;0;39;43;103,8;103,9;DET;26;195,58;0,3;0,7;0;0;;;;;;;;;;;;;
K. Felder;B;2;0;3;1;2;0;0;0,25;0,00;0,00;0;0,5;0;1;1;1;39;43;103,8;103,9;DET;23;175,26;0,5;2;0;0;;;;;;;;;;;;;
W. Reed;P/AP;3;0;3;0,7;0,3;0;0,3;1,00;0,00;0,00;0;0;1;1,3;0;0,3;39;43;103,8;103,9;DET;28;210,82;0,3;0,3;0;0;;;;;;;;;;;;;
L. Montero;ES/AL;2;0;4;0;1;0;0;0,00;0,00;0,00;0;1;0;-0,5;0;1;39;43;103,8;103,9;DET;25;201;0;0,5;0;0;;;;;;;;;;;;;
K. Durant;AP;68;68;34,2;26,4;6,8;1,8;5,4;0,52;0,42;0,89;0,7;3;2;28,6;0,5;6,4;58;24;113,5;107,5;GSW;29;205,74;9,3;18;5,3;5,9;;;;;;;;;;;;;
S. Curry;B/ES;51;51;32;26,4;5,1;0,2;6,1;0,50;0,42;0,92;1,6;3;2,2;27,3;0,7;4,4;58;24;113,5;107,5;GSW;30;190,5;8,4;16,9;5,5;5,9;;;;;;;;;;;;;
K. Thompson;ES/AL;73;73;34,3;20;3,8;0,5;2,5;0,49;0,44;0,84;0,8;1,8;1,6;17,3;0,4;3,4;58;24;113,5;107,5;GSW;28;200,66;7,9;16,1;1,1;1,3;;;;;;;;;;;;;
D. Green;P/AP;70;70;32,7;11;7,6;1,3;7,3;0,45;0,30;0,78;1,4;2,9;2,6;20,3;1,1;6,6;58;24;113,5;107,5;GSW;28;200,66;4;8,8;1,9;2,5;;;;;;;;;;;;;
Q. Cook;B;33;18;22,4;9,5;2,5;0;2,7;0,48;0,44;0,88;0,4;1;1,8;10;0,3;2,2;58;24;113,5;107,5;GSW;25;187,96;3,7;7,6;0,7;0,8;;;;;;;;;;;;;
N. Young;ES/AL;80;8;17,4;7,3;1,6;0,1;0,5;0,41;0,38;0,86;0,5;0,5;1,3;5,7;0,3;1,3;58;24;113,5;107,5;GSW;33;200,66;2,5;6,1;0,7;0,8;;;;;;;;;;;;;
D. West;P/AP;73;0;13,7;6,8;3,3;1;1,9;0,57;0,38;0,76;0,6;1,1;1,6;10;0,9;2,4;58;24;113,5;107,5;GSW;37;205,74;3;5,2;0,8;1,1;;;;;;;;;;;;;
A. Iguodala;AL;64;7;25,3;6;3,8;0,6;3,3;0,46;0,28;0,63;0,8;1;1,5;10,3;0,8;3,1;58;24;113,5;107,5;GSW;34;198,12;2,3;5;0,9;1,4;;;;;;;;;;;;;
O. Casspi;AL/AP;53;7;14;5,7;3,8;0,4;1;0,58;0,46;0,73;0,3;0,7;1,3;8,4;0,6;3,2;58;24;113,5;107,5;GSW;30;205,74;2,3;3,9;0,9;1,3;;;;;;;;;;;;;
S. Livingston;B/ES;71;7;15,9;5,5;1,8;0,3;2;0,50;0,00;0,82;0,5;0,8;1,6;6,8;0,5;1,4;58;24;113,5;107,5;GSW;32;200,66;2,4;4,8;0,7;0,9;;;;;;;;;;;;;
Z. Pachulia;P;69;57;14,1;5,4;4,7;0,2;1,6;0,56;0,00;0,81;0,6;1;1,8;9,5;1,3;3,4;58;24;113,5;107,5;GSW;34;210,82;2,2;3,8;1,1;1,3;;;;;;;;;;;;;
J. McGee;P;65;17;9,5;4,8;2,6;0,9;0,5;0,62;0,00;0,73;0,3;0,4;1,4;7,2;0,9;1,7;58;24;113,5;107,5;GSW;30;213,36;2,1;3,4;0,6;0,8;;;;;;;;;;;;;
J. Bell;P/AP;57;13;14,2;4,6;3,6;1;1,8;0,63;0,00;0,68;0,6;0,9;1,6;9,3;1,1;2,6;58;24;113,5;107,5;GSW;23;205,74;2;3,2;0,5;0,8;;;;;;;;;;;;;
K. Looney;P;66;4;13,8;4;3,3;0,8;0,6;0,58;0,20;0,55;0,5;0,5;1,6;7,1;1,3;2;58;24;113,5;107,5;GSW;22;205,74;1,7;2,9;0,6;1,2;;;;;;;;;;;;;
P. McCaw;ES/AL;57;10;16,9;4;1,4;0,2;1,4;0,41;0,24;0,77;0,8;0,7;1,2;4,6;0,3;1,2;58;24;113,5;107,5;GSW;22;200,66;1,6;3,9;0,5;0,6;;;;;;;;;;;;;
D. Jones;P;15;0;5,9;1,7;0,9;0,2;0,1;0,50;0,00;0,60;0,1;0,3;0,9;1,9;0,3;0,6;58;24;113,5;107,5;GSW;23;213,36;0,7;1,5;0,2;0,3;;;;;;;;;;;;;
C. Boucher;AP;1;0;1;0;1;0;0;0,00;0,00;0,00;0;0;0;0;0;1;58;24;113,5;107,5;GSW;25;208,28;0;1;0;0;;;;;;;;;;;;;
J. Harden;B;72;72;35,4;30,4;5,4;0,7;8,8;0,45;0,37;0,86;1,8;4,4;2,3;30,1;0,6;4,8;65;17;112,4;103,9;HOU;28;195,58;9;20,1;8,7;10,1;;;;;;;;;;;;;
C. Paul;B;58;58;31,8;18,6;5,4;0,2;7,9;0,46;0,38;0,92;1,7;2,2;2,4;23,9;0,6;4,8;65;17;112,4;103,9;HOU;33;182,88;6,3;13,8;3,5;3,8;;;;;;;;;;;;;
E. Gordon;ES/AL;69;30;31,2;18;2,5;0,4;2,2;0,43;0,36;0,81;0,6;1,9;1,7;13,1;0,4;2,1;65;17;112,4;103,9;HOU;29;193,04;6;14,1;2,8;3,5;;;;;;;;;;;;;
C. Capela;P;74;74;27,5;13,9;10,8;1,9;0,9;0,65;0,00;0,56;0,8;1,4;2,5;22,2;3,3;7,6;65;17;112,4;103,9;HOU;24;208,28;6;9,1;1,9;3,5;;;;;;;;;;;;;
G. Green;ES/AL;41;2;22,7;12,1;3,2;0,4;0,6;0,41;0,37;0,85;0,6;0,8;2,1;10;0,4;2,9;65;17;112,4;103,9;HOU;32;200,66;4,1;10,1;1,2;1,5;;;;;;;;;;;;;
T. Ariza;AL/AP;67;67;33,9;11,7;4,4;0,2;1,6;0,41;0,37;0,85;1,5;0,8;2;12,6;0,5;3,9;65;17;112,4;103,9;HOU;33;203,2;4;9,7;1,1;1,3;;;;;;;;;;;;;
R. Anderson;AP;66;50;26,2;9,3;5;0,3;0,9;0,43;0,39;0,77;0,4;0,6;1,9;10,9;1,4;3,6;65;17;112,4;103,9;HOU;30;208,28;3,1;7,3;1,1;1,4;;;;;;;;;;;;;
A. Jackson;B;1;0;35;8;3;0;1;0,33;0,25;0,50;0;1;4;4;2;1;65;17;112,4;103,9;HOU;32;190,5;3;9;1;2;;;;;;;;;;;;;
L. Mbah a Moute;AL/AP;61;15;25,6;7,5;3;0,4;0,9;0,48;0,36;0,68;1,2;1,1;1,6;8,5;0,4;2,7;65;17;112,4;103,9;HOU;31;203,2;2,7;5,7;1,1;1,6;;;;;;;;;;;;;
Nene;P;52;4;14,6;6,5;3,4;0,3;0,9;0,57;0,00;0,64;0,5;0,7;2,4;8,1;1;2,3;65;17;112,4;103,9;HOU;35;210,82;2,6;4,6;1,3;2,1;;;;;;;;;;;;;
P. Tucker;AP;82;34;27,8;6,1;5,6;0,3;0,9;0,39;0,37;0,72;1;0,9;2,5;9,5;1,1;4,4;65;17;112,4;103,9;HOU;33;198,12;2,1;5,4;0,5;0,7;;;;;;;;;;;;;
J. Johnson;AL/AP;23;1;22;6;2,8;0;1,7;0,38;0,28;0,95;0,3;0,8;1,5;6,4;0,1;2,7;65;17;112,4;103,9;HOU;37;200,66;2,2;5,8;0,9;0,9;;;;;;;;;;;;;
C. Onuaku;AP;1;0;22;4;4;0;1;0,40;0,00;0,00;0;3;4;3;1;1;65;17;112,4;103,9;HOU;21;208,28;2;5;0;0;;;;;;;;;;;;;
B. Wright;P/AP;1;0;15;4;2;1;0;0,67;0,00;0,00;0;0;3;6;1;3;65;17;112,4;103,9;HOU;30;208,28;2;3;0;0;;;;;;;;;;;;;
R. Hunter;ES;5;1;9;3,8;1;0;0,6;0,35;0,21;1,00;0,6;0,4;1,4;3;0;1;65;17;112,4;103,9;HOU;24;195,58;1,4;4;0,4;0,4;;;;;;;;;;;;;
T. Black;P;51;2;10,5;3,5;3,2;0,6;0,3;0,59;0,09;0,46;0,4;0,7;2,1;5,6;1,2;2;65;17;112,4;103,9;HOU;26;205,74;1,5;2,5;0,6;1,2;;;;;;;;;;;;;
B. Brown;B/ES;20;0;5,8;2,5;0,4;0;0,6;0,33;0,28;0,50;0,2;0,5;0,3;1,2;0;0,4;65;17;112,4;103,9;HOU;33;187,96;1;2,9;0,1;0,1;;;;;;;;;;;;;
B. Weber;B;13;0;9,1;2;1,4;0,2;1;0,41;0,44;1,00;0,8;0,5;1,4;3,8;0,2;1,2;65;17;112,4;103,9;HOU;30;208,28;0,7;1,7;0,3;0,3;;;;;;;;;;;;;
M. Brown;B/ES;4;0;7,8;1,3;1,3;0;0,5;0,29;0,20;0,00;0;0,5;1,5;1,3;0;1;65;17;112,4;103,9;HOU;26;190,5;0,5;1,8;0;0;;;;;;;;;;;;;
T. Williams;AL;4;0;4,3;1,3;1;0;0,3;0,22;0,00;0,33;0,3;0,3;0,5;0,3;0,3;1;65;17;112,4;103,9;HOU;23;200,66;0,5;2,3;0,3;0,8;;;;;;;;;;;;;
T. Quarterman;B/ES;3;0;4,3;1,3;1;0;0,3;0,33;0,00;1,00;0;0,7;0,3;1,3;0,3;0,8;65;17;112,4;103,9;HOU;23;198,12;0,3;1;0,7;0,7;;;;;;;;;;;;;
Z. Qi;P;18;0;6,9;1,2;1,2;0,8;0,1;0,19;0,11;0,67;0,1;0,6;0,8;1,2;0,3;0,9;65;17;112,4;103,9;HOU;22;215,9;0,3;1,8;0,4;0,7;;;;;;;;;;;;;
D. Jackson;B;12;0;5,3;0,7;0,9;0,1;0,4;0,29;0,00;0,00;0,3;0,8;0,5;0,8;0,3;0,6;65;17;112,4;103,9;HOU;24;185;0,3;1,2;0;0;;;;;;;;;;;;;
I. Canaan;B;1;0;4;0;1;0;0;0,00;0,00;0,00;0;0;0;0;0;1;65;17;112,4;103,9;HOU;27;182,88;0;1;0;0;;;;;;;;;;;;;
V. Oladipo;B/ES;75;75;34;23,1;5,2;0,8;4,3;0,48;0,37;0,80;2,4;2,9;2,3;22,5;0,6;4,6;48;34;105,6;104,2;IND;26;193,04;8,5;17,9;3,9;4,9;;;;;;;;;;;;;
B. Bogdanovic;AL/AP;80;80;30,8;14,3;3,4;0,1;1,5;0,47;0,40;0,87;0,7;1,3;1,6;12,7;0,4;3;48;34;105,6;104,2;IND;29;203,2;5,1;10,7;2,2;2,6;;;;;;;;;;;;;
M. Turner;P;65;62;28,2;12,7;6,4;1,8;1,3;0,48;0,36;0,78;0,6;1,5;2,9;15,6;1,4;5;48;34;105,6;104,2;IND;22;210,82;4,7;9,8;2,5;3,2;;;;;;;;;;;;;
D. Collison;B;69;64;29,2;12,4;2,6;0,2;5,3;0,50;0,47;0,88;1,3;1,2;1,8;15,7;0,5;2;48;34;105,6;104,2;IND;30;187,96;4,6;9,2;1,8;2,1;;;;;;;;;;;;;
T. Young;P/AP;81;81;32,2;11,8;6,3;0,4;1,9;0,49;0,32;0,60;1,7;1,3;2,2;14,9;2,3;4;48;34;105,6;104,2;IND;26;187,96;5,2;10,7;0,7;1,1;;;;;;;;;;;;;
D. Sabonis;P;74;19;24,5;11,6;7,7;0,4;2;0,51;0,35;0,75;0,5;1,9;3;15,4;2,2;5,5;48;34;105,6;104,2;IND;26;187,96;4,6;8,9;2,3;3;;;;;;;;;;;;;
L. Stephenson;ES/AL;82;7;22,6;9,2;5,2;0,2;2,9;0,43;0,29;0,66;0,6;1,6;2,2;11;0,8;4,4;48;34;105,6;104,2;IND;27;198,12;3,7;8,6;1;1,5;;;;;;;;;;;;;
C. Joseph;B;82;17;27;7,9;3,2;0,2;3,2;0,43;0,35;0,75;1;1,1;1,7;9,9;0,5;2,7;48;34;105,6;104,2;IND;26;190,5;3,1;7,4;0,9;1,1;;;;;;;;;;;;;
A. Jefferson;P;36;1;13,4;7;4;0,6;0,8;0,53;0,00;0,83;0,4;0,6;1,8;9,4;0,8;3,1;48;34;105,6;104,2;IND;33;208;3,1;5,8;0,8;1;;;;;;;;;;;;;
T. Booker;P/AP;17;1;15,8;5,4;4,5;0,3;1;0,46;0,21;0,91;0,2;0,5;1,5;8,2;1,9;2,6;48;34;105,6;104,2;IND;30;203,2;2,3;4,9;0,6;0,6;;;;;;;;;;;;;
G. Robinson III;AL/AP;23;1;14,7;4,1;1,6;0;0,7;0,42;0,41;0,82;0,6;0,2;0,6;4,7;0,5;1,1;48;34;105,6;104,2;IND;24;200,66;1,6;3,7;0,4;0,5;;;;;;;;;;;;;
J. Young;B;53;1;10,5;3,9;1,2;0;0,7;0,43;0,38;0,76;0,3;0,5;0,7;3,5;0,2;1;48;34;105,6;104,2;IND;26;187,96;1,5;3,5;0,4;0,5;;;;;;;;;;;;;
T. Leaf;P/AP;53;0;8,7;2,9;1,5;0,1;0,2;0,47;0,43;0,63;0,1;0,2;0,8;3,2;0,5;1;48;34;105,6;104,2;IND;21;208,28;1,2;2,6;0,2;0,3;;;;;;;;;;;;;
E. Sumner;B/ES;1;0;2;2;1;0;0;1,00;0,00;0,00;0;0;1;3;0;1;48;34;105,6;104,2;IND;22;195,58;1;1;0;0;;;;;;;;;;;;;
D. Wilkins;ES/AL;19;1;8;1,7;0,8;0,1;0,5;0,33;0,22;0,75;0,1;0,3;0,4;1,5;0,3;0,6;48;34;105,6;104,2;IND;38;198,12;0,7;2,1;0,2;0,2;;;;;;;;;;;;;
I. Anigbogu;P;11;0;2,7;1,2;0,8;0,3;0;0,44;0,00;0,83;0,1;0,2;0,1;1,6;0,5;0,4;48;34;105,6;104,2;IND;19;208,28;0,4;0,8;0,5;0,5;;;;;;;;;;;;;
A. Poythress;P/AP;25;0;4,2;1;0,7;0;0,1;0,42;0,36;0,00;0,1;0,1;0,6;1,3;0,3;0,4;48;34;105,6;104,2;IND;24;205,74;0,4;1;0;0;;;;;;;;;;;;;
T. McKinney;ES;1;0;1;0;0;0;0;0,00;0,00;0,00;0;0;0;0;0;0;48;34;105,6;104,2;IND;27;195,58;0;0;0;0;;;;;;;;;;;;;
B. Moore;AL/AP;2;0;4,5;0;0,5;0;0,5;0,00;0,00;0,00;0;0;2;1;0;0,5;48;34;105,6;104,2;IND;23;203,2;0;0;0;0;;;;;;;;;;;;;
L. Williams;B/ES;79;19;32,8;22,6;2,5;0,2;5,3;0,44;0,36;0,88;1,1;3;1,3;18,4;0,5;2;42;40;109;109;LAC;31;185,42;7,4;16,9;5,5;6,2;;;;;;;;;;;;;
B. Griffin;P/AP;33;33;34,5;22,6;7,9;0,3;5,4;0,44;0,34;0,79;0,9;3;2,4;22,9;1,4;6,5;42;40;109;109;LAC;22;200,66;7,7;17,5;5,2;6,6;;;;;;;;;;;;;
T. Harris;AL/AP;32;32;34,5;19,3;6;0,6;3,1;0,47;0,41;0,80;1,2;1,7;2,3;19,6;0,7;5,3;42;40;109;109;LAC;25;205,74;7,6;16;2;2,5;;;;;;;;;;;;;
D. Gallinari;AL/AP;21;21;32;15,3;4,8;0,5;2;0,40;0,32;0,93;0,6;1,2;1,4;14,3;0,4;4,4;42;40;109;109;LAC;29;208,28;4,9;12,2;3,9;4,1;;;;;;;;;;;;;
A. Rivers;B/ES;61;59;33,7;15,1;2,4;0,3;4;0,42;0,38;0,64;1,2;1,8;2,5;12,6;0,4;1,9;42;40;109;109;LAC;25;193,04;5,6;13,2;1,7;2,6;;;;;;;;;;;;;
P. Beverley;B/ES;11;11;30,4;12,2;4,1;0,5;2,9;0,40;0,40;0,82;1,7;2,3;3,1;12,4;1,5;2,6;42;40;109;109;LAC;29;185,42;4,4;10,8;1,3;1,5;;;;;;;;;;;;;
D. Jordan;P;77;77;31,5;12;15,2;0,9;1,5;0,65;0,00;0,58;0,5;1,8;2,6;24;4,3;10,9;42;40;109;109;LAC;29;210,82;4,8;7,5;2,4;4,1;;;;;;;;;;;;;
M. Harrell;P;76;3;17;11;4;0,7;1;0,64;0,14;0,63;0,5;0,9;1,9;12,5;1,4;2,7;42;40;109;109;LAC;24;203,2;4,6;7,2;1,8;2,9;;;;;;;;;;;;;
T. Wallace;B/ES;30;19;28,3;9,7;3,5;0,4;2,4;0,45;0,25;0,78;0,9;1,5;2,8;10,2;0,7;2,8;42;40;109;109;LAC;24;195,58;3,7;8,2;2;2,6;;;;;;;;;;;;;
M. Teodosic;B/ES;45;36;25,2;9,5;2,8;0,1;4,6;0,42;0,38;0,85;0,5;2,2;2,3;10,6;0,4;2,4;42;40;109;109;LAC;31;195,58;3,4;8;0,9;1;;;;;;;;;;;;;
A. Bradley;ES/AL;6;6;27,5;9,2;3,7;0,2;1,8;0,47;0,11;1,00;0,8;1,3;2;9,5;0,5;3,2;42;40;109;109;LAC;27;187,96;4,3;9,2;0,3;0,3;;;;;;;;;;;;;
J. Wilson;AL/AP;15;10;18,3;7;2,1;0,5;0,7;0,47;0,43;0,50;0,3;0,5;2,3;7,1;0,2;1,9;42;40;109;109;LAC;27;200,66;2,5;5,4;0,1;0,3;;;;;;;;;;;;;
B. Marjanovic;P;19;0;8,7;6,2;4,6;0,3;0,4;0,55;0,00;0,79;0,3;0,7;1,2;8,8;1,7;2,7;42;40;109;109;LAC;29;220,98;1,9;3,5;2,1;2,6;;;;;;;;;;;;;
C. Williams;ES;38;18;18,6;5,5;1,5;0,3;1,1;0,44;0,28;0,81;0,8;0,5;1,7;5,8;0,3;1,2;42;40;109;109;LAC;28;195,58;2,3;5,2;0,3;0,4;;;;;;;;;;;;;
W. Johnson;AL;74;40;20,1;5,4;2,9;0,8;0,8;0,41;0,34;0,74;1;0,7;2;7,2;0,4;2,5;42;40;109;109;LAC;30;200,66;2;5;0,6;0,8;;;;;;;;;;;;;
W. Reed;P/AP;39;5;10,7;4,9;3,1;0,6;0,2;0,67;0,50;0,58;0,2;0,5;1,4;6,9;0,9;2,2;42;40;109;109;LAC;28;210,82;2,1;3,1;0,8;1,4;;;;;;;;;;;;;
J. Evans;B;48;4;16,2;4,8;1,8;0,1;2,1;0,35;0,28;0,78;0,8;0,9;2;5;0,2;1,6;42;40;109;109;LAC;21;182,88;1,9;5,3;0,8;1;;;;;;;;;;;;;
S. Kilpatrick;ES/AL;4;0;9,5;4,8;0,5;0;0,8;0,39;0,43;1,00;0;0,3;0,5;3;0;0,5;42;40;109;109;LAC;28;193,04;1,8;4,5;0,5;0,5;;;;;;;;;;;;;
S. Dekker;AP;73;1;12,1;4,2;2,4;0,1;0,5;0,49;0,17;0,66;0,3;0,5;1;5;0,6;1,8;42;40;109;109;LAC;24;205,74;1,8;3,5;0,5;0,8;;;;;;;;;;;;;
S. Thornwell;B/ES;73;16;15,8;3,9;1,9;0,3;0,9;0,43;0,38;0,67;0,7;0,7;1,7;4,8;0,5;1,5;42;40;109;109;LAC;23;195,58;1,4;3,2;0,8;1,2;;;;;;;;;;;;;
B. Johnson;AP;9;0;4,2;1,8;1,4;0,2;0,1;0,64;0,00;1,00;0,7;0,4;0,8;3,3;0,2;1,2;42;40;109;109;LAC;24;208,28;0,8;1,2;0,2;0,2;;;;;;;;;;;;;
J. Randle;P/AP;82;49;26,7;16,1;8;0,5;2,6;0,56;0,22;0,72;0,5;2,6;3,3;18,8;2,2;5,8;35;47;108,1;109,6;LAL;23;205,74;6,1;11;3,7;5,2;;;;;;;;;;;;;
K. Kuzma;AP;77;37;31,2;16,1;6,3;0,4;1,8;0,45;0,37;0,71;0,6;1,8;2,1;15,3;1,1;5,1;35;47;108,1;109,6;LAL;22;205,74;6,1;13,5;1,9;2,7;;;;;;;;;;;;;
B. Ingram;ES/AL;59;59;33,5;16,1;5,3;0,7;3,9;0,47;0,39;0,68;0,8;2,5;2,8;15,9;1;4,4;35;47;108,1;109,6;LAL;32;190,5;6,1;12,9;3,3;4,8;;;;;;;;;;;;;
I. Thomas;B;17;1;26,8;15,6;2,1;0,1;5;0,38;0,33;0,92;0,4;3,2;1,9;11,4;0,6;1,5;35;47;108,1;109,6;LAL;29;175,26;5,1;13,4;3,4;3,7;;;;;;;;;;;;;
J. Clarkson;B/ES;53;2;23,7;14,5;3;0,1;3,3;0,45;0,32;0,80;0,7;1,8;1,2;12,4;0,8;2,2;35;47;108,1;109,6;LAL;26;195,58;5,6;12,6;2;2,5;;;;;;;;;;;;;
K. Caldwell;ES;74;74;33,2;13,4;5,2;0,2;2,2;0,43;0,38;0,79;1,4;1,3;2;14,4;0,8;4,4;35;47;108,1;109,6;LAL;25;195,58;4,6;10,8;2,1;2,6;;;;;;;;;;;;;
B. Lopez;P;74;72;23,4;13;4;1,3;1,7;0,47;0,35;0,70;0,4;1,3;2,7;12,7;1;3;35;47;108,1;109,6;LAL;30;213,36;5;10,7;1,5;2,1;;;;;;;;;;;;;
A. Ingram;ES/AL;2;0;32;12;3;1,5;3,5;0,47;0,56;1,00;1,5;1,5;1,5;15,5;0,5;2,5;35;47;108,1;109,6;LAL;20;205,74;4;8,5;1,5;1,5;;;;;;;;;;;;;
L. Ball;B;52;50;34,2;10,2;6,9;0,8;7,2;0,36;0,31;0,45;1,7;2,6;2,3;16,5;1,3;5,6;35;47;108,1;109,6;LAL;20;198,12;3,9;10,8;0,6;1,4;;;;;;;;;;;;;
L. Nance, Jr.;P/AP;42;17;22;8,6;6,8;0,5;1,4;0,60;0,25;0,63;1,4;1;2,7;14,4;2,6;4,2;35;47;108,1;109,6;LAL;25;205,74;3,6;6;1,3;2,1;;;;;;;;;;;;;
J. Hart;AL/AP;63;23;23,2;7,9;4,2;0,3;1,3;0,47;0,40;0,70;0,7;0,7;1,7;10;0,7;3,5;35;47;108,1;109,6;LAL;23;195,58;2,8;6;1;1,5;;;;;;;;;;;;;
C. Frye;P;9;0;16,7;5,8;2,8;0,1;1,1;0,47;0,36;0,75;0,1;0,4;1,7;6,8;0,2;2,6;35;47;108,1;109,6;LAL;35;210,82;2,2;4,8;0,3;0,4;;;;;;;;;;;;;
T. Wear;AL/AP;17;0;13,4;4,4;2,2;0,3;0,4;0,35;0,36;1,00;0,2;0,4;1,8;4,5;0;2,2;35;47;108,1;109,6;LAL;27;208,28;1,5;4,2;0,5;0,5;;;;;;;;;;;;;
T. Ennis;B;54;11;12,6;4,1;1,8;0,2;1,9;0,42;0,25;0,76;0,6;0,7;1,4;5,4;0,4;1,4;35;47;108,1;109,6;LAL;23;190,5;1,7;4,1;0,4;0,5;;;;;;;;;;;;;
C. Brewer;AL/AP;54;2;12,9;3,7;1,7;0,1;0,8;0,45;0,19;0,67;0,8;0,7;1,5;4,3;0,4;1,3;35;47;108,1;109,6;LAL;32;205,74;1,4;3,2;0,6;0,9;;;;;;;;;;;;;
I. Zubac;P;43;0;9,5;3,7;2,9;0,3;0,6;0,50;0,00;0,77;0,2;0,6;1,1;5,4;1;1,8;35;47;108,1;109,6;LAL;21;215,9;1,4;2,8;0,9;1,2;;;;;;;;;;;;;
A. Caruso;B/ES;37;7;15,2;3,6;1,8;0,3;2;0,43;0,30;0,70;0,6;1,1;1,4;5,1;0,4;1,4;35;47;108,1;109,6;LAL;24;195,58;1,4;3,1;0,6;0,8;;;;;;;;;;;;;
G. Payton II;ES/AL;11;0;10,5;3,5;2,5;0,2;1,1;0,42;0,31;0,17;0,4;0,4;1,2;4,6;0,8;1,6;35;47;108,1;109,6;LAL;25;190,5;1,5;3,7;0,1;0,5;;;;;;;;;;;;;
L. Deng;AL/AP;1;1;13;2;0;0;1;0,50;0,00;0,00;1;1;0;2;0;0;35;47;108,1;109,6;LAL;33;206;1;2;0;0;;;;;;;;;;;;;
A. Bogut;P;23;5;9,4;1,6;3,4;0,6;0,7;0,68;0,00;1,00;0,2;0,8;1,7;5,2;1,1;2,2;35;47;108,1;109,6;LAL;33;213,36;0,7;1;0,1;0,1;;;;;;;;;;;;;
T. Bryant;P;15;0;4,8;1,5;1,1;0,1;0,4;0,38;0,10;0,56;0,1;0,1;0,4;1,9;0,2;0,9;35;47;108,1;109,6;LAL;21;208;0,5;1,4;0,3;0,6;;;;;;;;;;;;;
N. Hayes;AP;2;0;5,5;1,5;0;0;1;0,33;0,00;1,00;0;0;0;1,5;0;0;35;47;108,1;109,6;LAL;23;200,66;0,5;1,5;0,5;0,5;;;;;;;;;;;;;
D. Williams;AL/AP;2;0;4,5;1;0,5;0;0;0,25;0,00;0,00;0;0;0;0;0;0,5;35;47;108,1;109,6;LAL;27;203,2;0,5;2;0;0;;;;;;;;;;;;;
V. Blue;ES;5;0;9;0,6;0,2;0;0,6;0,20;0,00;0,50;0,2;0,6;0,4;0;0;0,2;35;47;108,1;109,6;LAL;26;193;0,2;1;0,2;0,4;;;;;;;;;;;;;
M. Brooks;ES;7;1;27,6;20,1;3,1;0,4;3,6;0,50;0,59;0,87;1,6;2,3;0,9;18,9;1,3;1,9;22;60;99,3;105,5;MEM;29;195,58;4,1;9,4;1,5;2;;;;;;;;;;;;;
T. Evans;ES/AL;52;32;30,9;19,4;5,1;0,3;5,2;0,45;0,40;0,79;1,1;2,3;1,8;19,5;0,8;4,3;22;60;99,3;105,5;MEM;28;198,12;7;15,6;3,2;4;;;;;;;;;;;;;
M. Gasol;P;73;73;33;17,2;8,1;1,4;4,2;0,42;0,34;0,83;0,7;2,7;2,5;20;1,1;7;22;60;99,3;105,5;MEM;33;215,9;5,9;14,2;3,8;4,6;;;;;;;;;;;;;
M. Conley;B;12;12;31,1;17,1;2,3;0,3;4,1;0,38;0,31;0,80;1;1,5;2;13,4;0;2,3;22;60;99,3;105,5;MEM;30;185,42;5,3;14;4,4;5,5;;;;;;;;;;;;;
D. Brooks;ES/AL;82;74;28,7;11;3,1;0,2;1,6;0,44;0,36;0,75;0,9;1,5;2,8;9,5;0,6;2,5;22;60;99,3;105,5;MEM;22;198;7,3;14,6;2,9;3,3;;;;;;;;;;;;;
J. Green;P/AP;55;54;28;10,3;8,4;0,5;1,4;0,46;0,34;0,72;0,6;1,4;2,8;14,5;2,7;5,8;22;60;99,3;105,5;MEM;28;205,74;4,1;8,9;1,5;2;;;;;;;;;;;;;
A. Harrison;B;56;46;23,7;9,5;2,3;0,5;3,2;0,42;0,33;0,78;0,7;1,4;2,5;9,7;0,4;1,9;22;60;99,3;105,5;MEM;23;198,12;3,2;7,7;2,2;2,8;;;;;;;;;;;;;
W. Selden;ES/AL;35;9;19,7;9,3;1,6;0,1;1,9;0,43;0,40;0,75;0,5;1,5;1,7;7,1;0,5;1,1;22;60;99,3;105,5;MEM;23;195,58;3,3;7,7;1,3;1,7;;;;;;;;;;;;;
C. Parsons;AP;36;8;19,2;7,9;2,5;0,3;1,9;0,46;0,42;0,63;0,5;1;1,5;8,4;0,4;2,1;22;60;99,3;105,5;MEM;29;208,28;3;6,5;0,5;0,8;;;;;;;;;;;;;
J. Martin;P/AP;73;36;22,7;7,7;4,4;0,7;1;0,45;0,35;0,77;0,5;1,2;2,9;9;1,3;3;22;60;99,3;105,5;MEM;24;208,28;3;6,8;1,2;1,6;;;;;;;;;;;;;
M. Chalmers;B;66;10;21,5;7,7;2,4;0,2;3;0,38;0,28;0,86;1,2;1,8;2,7;8,2;0,2;2,2;22;60;99,3;105,5;MEM;32;187,96;2,5;6,7;1,8;2,1;;;;;;;;;;;;;
B. McLemore;ES/AL;56;17;19,5;7,5;2,5;0,3;0,9;0,42;0,35;0,83;0,7;1,1;2,5;6,7;0,6;1,9;22;60;99,3;105,5;MEM;25;195,58;2,8;6,7;0,9;1,1;;;;;;;;;;;;;
J. Ennis;AL/AP;45;14;23,4;6,9;3,5;0,3;1,1;0,49;0,36;0,88;0,7;0,8;1,8;8,8;1,2;2,3;22;60;99,3;105,5;MEM;28;198;2,4;4,9;1,4;1,6;;;;;;;;;;;;;
K. Simmons;ES;32;12;20,1;6,1;1,6;0,2;2,1;0,42;0,28;1,00;0,6;1,4;1,9;5,8;0,4;1,1;22;60;99,3;105,5;MEM;20;193,04;2,5;5,9;0,8;0,8;;;;;;;;;;;;;
D. Davis;P/AP;62;6;15,2;5,8;4;0,6;0,6;0,61;0,00;0,67;0,2;0,5;2;8,9;1,2;2,8;22;60;99,3;105,5;MEM;21;210,82;2,6;4,3;0,6;0,9;;;;;;;;;;;;;
X. Rathan-Mayes;B/ES;5;0;23,6;5,8;1;0,6;3,6;0,29;0,07;0,44;1,2;2,2;3,6;3;0;1;22;60;99,3;105,5;MEM;24;193,04;2,4;8,4;0,8;1,8;;;;;;;;;;;;;
I. Rabb;P/AP;36;5;14,3;5,6;4,4;0,4;0,9;0,57;0,00;0,81;0,3;1;1,5;8,6;1,5;2,9;22;60;99,3;105,5;MEM;21;208,28;2,4;4,2;0,8;1;;;;;;;;;;;;;
O. Johnson;P/AP;4;0;18,8;5,5;2,8;0;1,8;0,43;0,33;0,00;0,5;0,8;1,5;6,8;1;1,8;22;60;99,3;105,5;MEM;29;205,74;2,3;5,3;0;0;;;;;;;;;;;;;
M. Henry;AL;20;0;18,9;5,4;1,9;0,3;1,1;0,38;0,33;0,60;1,6;1;1,4;5,7;0,5;1,4;22;60;99,3;105,5;MEM;25;198,12;2,1;5,5;0,3;0,5;;;;;;;;;;;;;
B. Wright;P/AP;27;1;13,6;5;3,4;0,9;0,5;0,58;0,00;0,64;0,5;0,3;1,1;8;1,2;2,3;22;60;99,3;105,5;MEM;30;208,28;2,1;3,7;0,8;1,2;;;;;;;;;;;;;
B. Weber;B;5;0;23,8;4,8;3,4;0,4;1,8;0,48;0,00;0,67;1,6;1,6;2;7,8;1;2,4;22;60;99,3;105,5;MEM;25;187,96;2;4,2;0,8;1,2;;;;;;;;;;;;;
M. Teague;B;3;0;24,7;3,7;2;0;4,3;0,25;0,25;0,40;1,3;1;1,7;5,3;0,3;1,7;22;60;99,3;105,5;MEM;25;187,96;1,3;5,3;0,7;1,7;;;;;;;;;;;;;
B. Johnson;AP;9;0;6,7;3;2;0,4;0,1;0,42;0,00;0,33;0,3;0,1;0,7;3,6;0,8;1,2;22;60;99,3;105,5;MEM;24;208,28;1,4;3,4;0,1;0,3;;;;;;;;;;;;;
V. Hunter;AL;4;0;1,8;1,5;0,8;0,3;0;0,60;0,00;0,00;0;0,3;0;1,8;0,5;0,3;22;60;99,3;105,5;MEM;23;203,2;0,8;1,3;0;0;;;;;;;;;;;;;
G. Dragic;B;75;75;31,7;17,3;4,1;0,2;4,8;0,45;0,37;0,80;0,8;2,2;2,4;16,3;0,7;3,4;44;38;103,4;102,9;MIA;32;190,5;6,5;14,3;2,9;3,6;;;;;;;;;;;;;
D. Waiters;B/ES;30;30;30,6;14,3;2,6;0,3;3,8;0,40;0,31;0,74;0,8;2,3;2;10,5;0,3;2,3;44;38;103,4;102,9;MIA;26;193,04;5,4;13,7;1,7;2,3;;;;;;;;;;;;;
H. Whiteside;P;54;54;25,3;14;11,4;1,7;1;0,54;1,00;0,70;0,7;1,7;2,4;21,2;3,2;8,2;44;38;103,4;102,9;MIA;29;213,36;5,8;10,7;2,4;3,4;;;;;;;;;;;;;
J. Richardson;ES/AL;81;81;33,2;12,9;3,5;0,9;2,9;0,45;0,38;0,85;1,5;1,7;2,5;13,7;0,9;2,7;44;38;103,4;102,9;MIA;24;198,12;4,9;10,9;1,5;1,8;;;;;;;;;;;;;
D. Wade;ES;21;0;22,2;12;3,4;0,7;3,1;0,41;0,22;0,75;0,9;2,3;1,9;10,2;0,5;2,9;44;38;103,4;102,9;MIA;36;193,04;4,8;11,8;2;2,6;;;;;;;;;;;;;
T. Johnson;B/ES;72;39;28,5;11,7;3,4;0,5;2,3;0,44;0,37;0,82;0,8;1,1;2,1;11,7;0,5;3;44;38;103,4;102,9;MIA;26;193,04;4,3;9,9;1,5;1,8;;;;;;;;;;;;;
K. Olynyk;P/AP;76;22;23,4;11,5;5,7;0,5;2,7;0,50;0,38;0,77;0,8;1,9;2,9;14,5;1,2;4,5;44;38;103,4;102,9;MIA;27;213,36;4,2;8,4;1,8;2,3;;;;;;;;;;;;;
W. Ellington;ES;77;2;26,5;11,2;2,8;0,1;1;0,41;0,39;0,86;0,7;0,7;1,2;9,7;0,3;2,5;44;38;103,4;102,9;MIA;30;195,58;3,7;9,1;0,9;1;;;;;;;;;;;;;
J. Johnson;P/AP;73;41;26,6;10,8;4,9;0,7;3,8;0,50;0,31;0,70;1;1,9;2,6;14,4;0,8;4,1;44;38;103,4;102,9;MIA;31;203,2;4,2;8,4;1,5;2,2;;;;;;;;;;;;;
J. Winslow;AL/AP;68;25;24,7;7,8;5,4;0,5;2,2;0,42;0,38;0,64;0,8;1,1;2,1;10,9;0,9;4,5;44;38;103,4;102,9;MIA;22;200,66;3;7,2;1;1,5;;;;;;;;;;;;;
B. Adebayo;P;69;19;19,8;6,9;5,5;0,6;1,5;0,51;0,00;0,72;0,5;1;2;10,9;1,7;3,8;44;38;103,4;102,9;MIA;20;208,28;2,5;4,9;1,9;2,6;;;;;;;;;;;;;
R. McGruder;ES/AL;18;2;16,6;5,1;1,8;0,2;0,9;0,49;0,43;0,50;0,4;0,2;1,2;5,9;0,6;1,2;44;38;103,4;102,9;MIA;26;193,04;2;4,1;0,2;0,4;;;;;;;;;;;;;
J. Mickey;P/AP;23;3;12,3;4;3,5;0,4;0,4;0,48;0,13;0,68;0,3;0,8;1,6;5,7;0,8;2,7;44;38;103,4;102,9;MIA;23;203,2;1,7;3,6;0,6;0,8;;;;;;;;;;;;;
D. Jones Jr.;AP;14;8;15,1;3,7;2,4;0,6;0,4;0,39;0,19;0,61;0,2;0,4;1,6;4,4;1,4;1,1;44;38;103,4;102,9;MIA;21;200,66;1,4;3,5;0,8;1,3;;;;;;;;;;;;;
O. White;AL/AP;6;4;13,3;3,3;1,8;0,2;0,3;0,44;0,36;0,67;0,2;0,2;1;4;0,5;1,3;44;38;103,4;102,9;MIA;26;203;1,2;2,7;0,3;0,5;;;;;;;;;;;;;
L. Babbitt;AL/AP;13;5;11,2;2,5;1,2;0,2;0,4;0,23;0,24;0,00;0,1;0,3;0,5;1,2;0,2;1;44;38;103,4;102,9;MIA;23;185,42;0,8;3,6;0;0;;;;;;;;;;;;;
D. Walton;B;16;0;9,2;1,8;1;0,2;1;0,32;0,41;1,00;0,4;0,1;0,4;3,3;0,1;0,9;44;38;103,4;102,9;MIA;23;185,42;0,5;1,6;0,4;0,4;;;;;;;;;;;;;
M. Williams;ES;3;0;3,7;1,7;0,3;0;0;0,33;0,20;0,00;0;0,3;0,3;0,3;0;0,3;44;38;103,4;102,9;MIA;24;195,58;0,7;2;0;0;;;;;;;;;;;;;
U. Haslem;P;14;0;5,1;0,6;0,7;0,1;0,4;0,20;0,13;0,50;0;0,1;0,2;0,7;0,2;0,5;44;38;103,4;102,9;MIA;38;203,2;0,2;1,1;0,1;0,1;;;;;;;;;;;;;
G. Antetokoun.;AP;75;75;36,7;26,9;10;1,4;4,8;0,53;0,31;0,76;1,5;3;3,1;30,7;2,1;8;44;38;106,5;106,8;MIL;23;210,82;9,9;18,7;6,5;8,5;;;;;;;;;;;;;
K. Middleton;ES/AL;82;82;36,4;20,1;5,2;0,3;4;0,47;0,36;0,88;1,5;2,3;3,3;20;0,5;4,7;44;38;106,5;106,8;MIL;26;203,2;7,2;15,5;3,9;4,4;;;;;;;;;;;;;
E. Bledsoe;B/ES;71;71;31,5;17,8;3,9;0,6;5,1;0,48;0,35;0,80;2;2,9;2,5;18,6;0,7;3,2;44;38;106,5;106,8;MIL;28;185,42;6,4;13,4;3,4;4,3;;;;;;;;;;;;;
M. Brogdon;B/ES;48;20;29,9;13;3,3;0,3;3,2;0,49;0,39;0,88;0,9;1,4;2,7;13,6;0,5;2,8;44;38;106,5;106,8;MIL;25;195,58;5,1;10,5;1,6;1,8;;;;;;;;;;;;;
J. Parker;AP;31;3;24;12,6;4,9;0,3;1,9;0,48;0,38;0,74;0,8;1,5;1,6;13,1;1,4;3,5;44;38;106,5;106,8;MIL;23;203,2;5,2;10,7;1,3;1,7;;;;;;;;;;;;;
J. Henson;P/AP;76;69;25,9;8,8;6,8;1,4;1,5;0,57;0,14;0,57;0,6;1,1;2,7;14,2;2;4,8;44;38;106,5;106,8;MIL;27;210,82;3,8;6,6;1,2;2,1;;;;;;;;;;;;;
S. Muhammad;ES/AL;11;0;10,6;8,5;2,8;0,1;0,6;0,55;0,38;0,90;0,4;0,1;0,6;9,5;0,7;2,1;44;38;106,5;106,8;MIL;25;198,12;3,4;6,1;1,5;1,7;;;;;;;;;;;;;
M. Teletovic;AP;10;0;15,9;7,1;2,3;0,1;1;0,44;0,47;0,00;0,4;0,7;1,4;7;0,3;2;44;38;106,5;106,8;MIL;32;205,74;2,5;5,7;0;0;;;;;;;;;;;;;
T. Snell;ES/AL;75;59;27,4;6,9;1,9;0,4;1,3;0,44;0,40;0,79;0,6;0,5;1,5;7,3;0,1;1,8;44;38;106,5;106,8;MIL;26;200,66;2,5;5,7;0,5;0,6;;;;;;;;;;;;;
G. Monroe;P;5;0;15,8;6,8;5;0;1;0,49;0,00;0,50;0;1,2;1,4;7,8;1,2;3,8;44;38;106,5;106,8;MIL;28;210,82;3,2;6,6;0,4;0,8;;;;;;;;;;;;;
T. Zeller;P;24;1;16,9;5,9;4,6;0,6;0,8;0,59;0,00;0,90;0,3;0,5;2;9,8;2;2,7;44;38;106,5;106,8;MIL;28;213,36;2,6;4,4;0,7;0,8;;;;;;;;;;;;;
B. Jennings;B;14;0;14,6;5,2;2,2;0,3;3,1;0,38;0,27;1,00;0,4;1,3;0,8;6,8;0,4;1,9;44;38;106,5;106,8;MIL;28;185,42;1,9;5,1;0,7;0,7;;;;;;;;;;;;;
T. Maker;P;74;12;16,7;4,8;3;0,7;0,6;0,41;0,30;0,70;0,5;0,6;2,2;6,2;1;2;44;38;106,5;106,8;MIL;21;215,9;1,8;4,3;0,9;1,3;;;;;;;;;;;;;
M. Dellavedova;B;38;3;18,8;4,3;1,7;0;3,8;0,36;0,37;0,93;0,4;1,3;1,8;6,3;0,4;1,3;44;38;106,5;106,8;MIL;27;193,04;1,4;4;0,7;0,7;;;;;;;;;;;;;
S. Brown;ES/AL;54;4;14,4;4;2,6;0,2;0,5;0,40;0,35;0,88;0,6;0,5;1,5;5,1;0,5;2,1;44;38;106,5;106,8;MIL;23;198,12;1,5;3,8;0,4;0,4;;;;;;;;;;;;;
S. Kilpatrick;ES/AL;23;0;8,9;4;1,1;0;0,7;0,38;0,28;0,95;0,2;0,4;0,7;3,4;0;1;44;38;106,5;106,8;MIL;28;193,04;1,3;3,6;0,8;0,8;;;;;;;;;;;;;
J. Terry;B/ES;51;4;16;3,3;0,9;0,3;1,2;0,38;0,35;0,89;0,8;0,5;1;4,1;0,1;0,8;44;38;106,5;106,8;MIL;40;187,96;1,2;3;0,2;0,2;;;;;;;;;;;;;
R. Vaughn;ES;22;0;7,9;2,7;0,8;0,1;0,5;0,42;0,37;0,67;0,2;0,2;0,5;2,7;0,1;0,7;44;38;106,5;106,8;MIL;21;198,12;1;2,3;0,2;0,3;;;;;;;;;;;;;
G. Payton II;ES/AL;12;6;8,8;2,5;1,4;0,1;0,8;0,39;0,17;0,67;0,3;0,3;1,4;3;0,3;1,1;44;38;106,5;106,8;MIL;25;190,5;1,1;2,8;0,2;0,3;;;;;;;;;;;;;
D. Liggins;ES/AL;31;1;15,5;1,8;1,6;0,3;0,9;0,34;0,31;0,40;0,9;0,4;2;3,6;0,2;1,4;44;38;106,5;106,8;MIL;27;200,66;0,7;2,1;0,1;0,2;;;;;;;;;;;;;
M. Plumlee;P;8;0;6,5;1,8;2,1;0,1;0,3;0,33;0,00;0,75;0;0,4;1,3;3,1;0,5;1,6;44;38;106,5;106,8;MIL;25;213,36;0,1;0,4;1,5;2;;;;;;;;;;;;;
J. Bolomboy;P/AP;6;0;6,3;1,5;1,7;0;0;0,50;0,00;0,50;0,3;0,3;0,5;2,2;1;0,7;44;38;106,5;106,8;MIL;24;205,74;0,5;1;0,5;1;;;;;;;;;;;;;
D. Wilson;P/AP;22;0;3,2;1;0,5;0;0,1;0,56;0,40;0,50;0,1;0,2;0,3;1,2;0,1;0,4;44;38;106,5;106,8;MIL;22;208,28;0,4;0,7;0;0,1;;;;;;;;;;;;;
X. Munford;B;6;0;3,5;0,5;0,2;0;0,7;0,17;0,00;0,50;0,2;0,3;0,7;0,2;0,2;0;44;38;106,5;106,8;MIL;26;193,04;0,2;1;0,2;0,3;;;;;;;;;;;;;
J. Butler;AL/AP;59;59;36,7;22,2;5,3;0,4;4,9;0,47;0,35;0,85;2;1,8;1,3;23,6;1,3;4;47;35;109,5;107,3;MIN;28;203,2;7,4;15,6;6,2;7,2;;;;;;;;;;;;;
K. Towns;P/AP;82;82;35,6;21,3;12,3;1,4;2,4;0,55;0,42;0,86;0,8;1,9;3,5;29,1;2,9;9,4;47;35;109,5;107,3;MIN;23;213;7,8;14,3;4,2;4,9;;;;;;;;;;;;;
A. Wiggins;AL/AP;82;82;36,3;17,7;4,4;0,6;2;0,44;0,33;0,64;1,1;1,7;2;13,8;1;3,4;47;35;109,5;107,3;MIN;28;210,82;6,9;15,9;2,5;3,8;;;;;;;;;;;;;
J. Teague;B;70;70;33;14,2;3;0,3;7;0,45;0,37;0,85;1,5;2,5;2,4;16,7;0,3;2,6;47;35;109,5;107,3;MIN;30;187,96;5,1;11,3;2,9;3,4;;;;;;;;;;;;;
T. Gibson;P;82;82;33,2;12,2;7,1;0,7;1,2;0,58;0,20;0,77;0,8;1,1;2,7;16,6;2,4;4,8;47;35;109,5;107,3;MIN;33;205,74;5,2;9;1,7;2,3;;;;;;;;;;;;;
J. Crawford;ES;80;0;20,7;10,3;1,2;0,1;2,3;0,42;0,33;0,90;0,5;1,2;1,1;7,7;0,3;1;47;35;109,5;107,3;MIN;38;195,58;3,9;9,3;1,3;1,4;;;;;;;;;;;;;
N. Bjelica;AP;67;21;20,5;6,8;4,1;0,2;1,3;0,46;0,42;0,80;0,7;0,8;2,1;9,2;0,8;3,3;47;35;109,5;107,3;MIN;30;208,28;2,6;5,5;0,5;0,7;;;;;;;;;;;;;
G. Dieng;P;79;0;16,9;5,9;4,6;0,5;0,9;0,48;0,31;0,78;0,6;0,7;1,9;8,9;1,3;3,2;47;35;109,5;107,3;MIN;28;210,82;2,4;4,9;1;1,3;;;;;;;;;;;;;
D. Rose;B/ES;9;0;12,4;5,8;0,7;0;1,2;0,43;0,17;1,00;0,4;0,8;0,2;3,9;0,3;0,3;47;35;109,5;107,3;MIN;29;190,5;2,6;6;0,6;0,6;;;;;;;;;;;;;
T. Jones;B;82;11;17,9;5,1;1,6;0,1;2,8;0,46;0,35;0,88;1,2;0,7;1,3;7,7;0,2;1,4;47;35;109,5;107,3;MIN;22;187,96;1,8;4;0,9;1;;;;;;;;;;;;;
S. Muhammad;ES/AL;32;2;9,4;3,8;1,4;0,1;0,2;0,39;0,21;0,71;0,2;0,2;0,7;2,8;0,5;0,9;47;35;109,5;107,3;MIN;25;198,12;1,5;3,8;0,7;1;;;;;;;;;;;;;
A. Brown;AL;1;0;4;3;0;0;1;1,00;1,00;0,00;0;0;0;4;0;0;47;35;109,5;107,3;MIN;25;200,66;1;1;0;0;;;;;;;;;;;;;
A. Brooks;B;32;1;5,9;2,3;0,5;0;0,6;0,41;0,36;0,73;0,2;0,3;0,9;2;0,2;0,3;47;35;109,5;107,3;MIN;33;182,88;0,9;2,2;0,3;0,3;;;;;;;;;;;;;
J. Patton;P;1;0;4;2;0;0;0;0,50;0,00;0,00;1;0;1;2;0;0;47;35;109,5;107,3;MIN;21;213,36;1;2;0;0;;;;;;;;;;;;;
M. Georges-Hunt;ES/AL;42;0;5,3;1,4;0,4;0;0,2;0,44;0,27;0,62;0,1;0,1;0,8;1,2;0,2;0,2;47;35;109,5;107,3;MIN;24;195,58;0,5;1,1;0,3;0,5;;;;;;;;;;;;;
C. Aldrich;P;21;0;2,3;0,6;0,7;0;0,1;0,33;0,00;0,33;0,1;0;0,5;0,9;0,1;0,6;47;35;109,5;107,3;MIN;29;210,82;0,2;0,7;0,1;0,3;;;;;;;;;;;;;
A. Davis;P;75;75;36,4;28,1;11,1;2,6;2,3;0,53;0,34;0,83;1,5;2,2;2,1;33;2,5;8,6;48;34;111,7;110,4;NOP;25;208,28;10,4;19,5;6,6;8;;;;;;;;;;;;;
D. Cousins;P;48;48;36,2;25,2;12,9;1,6;5,4;0,47;0,35;0,75;1,6;5;3,8;30;2,2;10,7;48;34;111,7;110,4;NOP;27;210,82;8,5;18;6,1;8,2;;;;;;;;;;;;;
J. Holiday;B/ES;81;81;36,1;19;4,5;0,8;6;0,49;0,34;0,79;1,5;2,6;2,5;20,8;0,8;3,7;48;34;111,7;110,4;NOP;28;193,04;7,6;15,4;2,3;2,9;;;;;;;;;;;;;
N. Mirotic;AP;30;11;29,1;14,6;8,2;0,9;1,4;0,43;0,34;0,81;1;1;2,1;17,3;1,4;6,8;48;34;111,7;110,4;NOP;27;208,28;5,4;12,7;1,6;1,9;;;;;;;;;;;;;
E. Moore;ES/AL;82;80;31,5;12,5;2,9;0,1;2,3;0,51;0,43;0,71;1;1,2;2,2;12,3;0,7;2,2;48;34;111,7;110,4;NOP;29;193,04;5,2;10,1;0,6;0,8;;;;;;;;;;;;;
R. Rondo;B;65;63;26,2;8,3;4;0,2;8,2;0,47;0,33;0,54;1,1;2,3;1,8;15;0,5;3,6;48;34;111,7;110,4;NOP;32;185,42;3,6;7,6;0,4;0,7;;;;;;;;;;;;;
D. Miller;AL;82;3;23,7;7,8;2;0,2;1,4;0,44;0,41;0,87;0,3;0,7;2;7,5;0,2;1,8;48;34;111,7;110,4;NOP;28;203,2;2,6;5,9;0,7;0,8;;;;;;;;;;;;;
I. Clark;B/ES;74;2;19,6;7,4;1,7;0,1;1,5;0,45;0,32;0,76;0,4;0,8;1,6;6,6;0,1;1,6;48;34;111,7;110,4;NOP;27;190,5;3;6,7;0,6;0,8;;;;;;;;;;;;;
J. Crawford;B/ES;5;0;10,6;6,6;0,8;0,2;2,6;0,44;0,57;1,00;0,2;1;1,4;6,4;0,4;0,4;48;34;111,7;110,4;NOP;29;195,58;2,4;5,4;0,2;0,2;;;;;;;;;;;;;
J. Nelson;B;43;0;20,9;5,1;2,2;0,1;3,6;0,41;0,36;0,77;0,5;1,3;1,6;7,4;0,3;2;48;34;111,7;110,4;NOP;36;182,88;2;4,8;0,3;0,4;;;;;;;;;;;;;
D. Cunningham;AL/AP;51;24;21,9;5;3,8;0,3;0,5;0,44;0,32;0,56;0,5;0,3;1,5;7;1;2,8;48;34;111,7;110,4;NOP;31;203,2;1,9;4,4;0,4;0,7;;;;;;;;;;;;;
C. Diallo;P/AP;52;0;11,2;4,9;4,1;0,4;0,4;0,58;0,00;0,76;0,2;0,5;1,6;7,7;0,9;3,2;48;34;111,7;110,4;NOP;21;205,74;2;3,4;1;1,3;;;;;;;;;;;;;
T. Allen;ES/AL;22;0;12,4;4,7;2,1;0,1;0,4;0,48;0,33;0,52;0,5;0,9;2,2;4,4;0,9;1,2;48;34;111,7;110,4;NOP;36;193,04;2;4,1;0,5;1;;;;;;;;;;;;;
E. Okafor;P;26;19;13,6;4,4;4,6;1;0,3;0,51;0,00;0,82;0,3;0,5;1,2;8,1;1,8;2,8;48;34;111,7;110,4;NOP;32;185,42;1,8;3,7;0,7;0,8;;;;;;;;;;;;;
W. Lemon Jr.;B;5;0;7;3,4;0,4;0,2;1;0,44;1,00;0,67;0;0,8;1;2,2;0;0,4;48;34;111,7;110,4;NOP;25;190,5;1,4;3,2;0,4;0,6;;;;;;;;;;;;;
S. Hill;AL/AP;12;1;15,6;2,4;3;0,1;1,8;0,27;0,19;0,50;0,6;0,8;1,8;4,4;0,8;2,3;48;34;111,7;110,4;NOP;27;200,66;0,9;3,4;0,3;0,5;;;;;;;;;;;;;
L. Drew II;B;7;0;7,9;2,1;0,3;0;1,1;0,35;0,50;0,00;0;0,3;0,6;1,7;0,3;0;48;34;111,7;110,4;NOP;28;187,96;0,9;2,4;0;0;;;;;;;;;;;;;
D. Liggins;ES/AL;27;3;9;1,6;1;0,1;0,8;0,44;0,47;0,00;0,4;0,3;0,7;2,8;0,1;0,9;48;34;111,7;110,4;NOP;27;200,66;0,7;1,5;0;0;;;;;;;;;;;;;
O. Asik;P;14;0;8,6;1,3;2,6;0,1;0,1;0,44;0,00;0,33;0,1;0,4;1;2,7;0,5;2,1;48;34;111,7;110,4;NOP;31;213,36;0,5;1,1;0,3;0,9;;;;;;;;;;;;;
J. Jones;AL/AP;4;0;4,8;1,3;0,8;0;0;0,25;1,00;1,00;0;0;0,5;1,3;0;0,8;48;34;111,7;110,4;NOP;23;208,28;0,3;1;0,5;0,5;;;;;;;;;;;;;
M. James;B;4;0;4,5;1;0,3;0;1,5;0,22;0,00;0,00;0,3;0,3;0,8;1;0,3;0;48;34;111,7;110,4;NOP;25;200,66;0,5;2,3;0;0;;;;;;;;;;;;;
J. Smith;AL/AP;3;0;4;0,7;1,3;0;0;0,25;0,00;0,00;0;0;1;1;1;0,3;48;34;111,7;110,4;NOP;32;205,74;0,3;1,3;0;0;;;;;;;;;;;;;
C. Cooke;ES/AL;13;0;2,9;0,5;0,2;0;0,1;0,14;0,13;0,50;0,1;0,1;0;-0,3;0;0,2;48;34;111,7;110,4;NOP;23;195,58;0,2;1,1;0,1;0,2;;;;;;;;;;;;;
K. Porzingis;P/AP;48;48;32,4;22,7;6,6;2,4;1,2;0,44;0,40;0,79;0,8;1,9;2,9;20,1;1,3;5,3;29;53;104,5;108;NYK;22;220,98;8,1;18,5;4,5;5,7;;;;;;;;;;;;;
T. Hardaway Jr.;ES/AL;57;54;33,1;17,5;3,9;0,2;2,7;0,42;0,32;0,82;1,1;1,6;2,2;14,5;0,6;3,4;29;53;104,5;108;NYK;26;198,12;6,3;15;2,6;3,1;;;;;;;;;;;;;
E. Freedom;P;71;71;25,8;14,1;11;0,5;1,5;0,59;0,00;0,85;0,5;1,7;2,6;21,4;3,8;7,1;29;53;104,5;108;NYK;26;210,82;5,9;10;2,2;2,6;;;;;;;;;;;;;
M. Beasley;AP;74;30;22,3;13,2;5,6;0,6;1,7;0,51;0,40;0,78;0,5;1,9;2;13,7;1,3;4,3;29;53;104,5;108;NYK;29;205,74;5,5;10,9;1,7;2,1;;;;;;;;;;;;;
T. Burke;B;36;9;21,8;12,8;2;0,1;4,7;0,50;0,36;0,65;0,7;1,2;1,2;13,2;0,4;1,6;29;53;104,5;108;NYK;25;185,42;5,4;10,7;1;1,6;;;;;;;;;;;;;
C. Lee;ES/AL;76;69;30,4;12;2,9;0,2;2,4;0,45;0,41;0,92;1,1;1,1;1,4;11,9;0,4;2,6;29;53;104,5;108;NYK;32;195,58;4,5;9,9;1,5;1,6;;;;;;;;;;;;;
E. Mudiay;B;22;14;22,4;8,8;2,6;0,3;3,9;0,37;0,20;0,69;0,9;1,9;1,5;8,1;0,5;2,2;29;53;104,5;108;NYK;22;196;3,4;9,3;1,6;2,3;;;;;;;;;;;;;
J. Jack;B;62;56;25;7,5;3,1;0,1;5,6;0,43;0,29;0,84;0,6;1,9;1,6;10,7;1,2;2,2;29;53;104,5;108;NYK;34;190,5;3;7,1;1;1,2;;;;;;;;;;;;;
T. Williams;AL;17;1;17,1;7,5;3,5;0,2;0,9;0,49;0,33;0,70;1,1;1,1;1,9;8,7;0,4;2,7;29;53;104,5;108;NYK;23;200,66;2,9;5,9;1,1;1,6;;;;;;;;;;;;;
D. McDermott;AL;55;1;21,3;7,2;2,4;0,2;0,9;0,46;0,39;0,76;0,2;0,6;1,3;6,9;0,6;1,8;29;53;104,5;108;NYK;26;203,2;2,7;6;0,7;1;;;;;;;;;;;;;
K. O'Quinn;P;77;10;18;7,1;6,1;1,3;2,1;0,58;0,24;0,77;0,5;1,3;2,5;13,3;1,6;4,5;29;53;104,5;108;NYK;28;208,28;2,9;5;1,3;1,6;;;;;;;;;;;;;
L. Kornet;P;20;1;16,3;6,7;3,2;0,8;1,3;0,39;0,35;0,73;0,3;0,6;1,4;7,8;0,6;2,7;29;53;104,5;108;NYK;22;215,9;2,5;6,3;0,4;0,6;;;;;;;;;;;;;
F. Ntilikina;ES;78;9;21,9;5,9;2,3;0,2;3,2;0,36;0,32;0,72;0,8;1,7;2,3;6,5;0,5;1,8;29;53;104,5;108;NYK;19;195,58;2,3;6,4;0,6;0,9;;;;;;;;;;;;;
I. Hicks;AP;18;0;13,3;4,4;2,3;0,2;0,9;0,46;0,22;0,67;0,1;0,9;2,5;4,6;0,6;1,7;29;53;104,5;108;NYK;23;205,74;1,8;4;0,7;1;;;;;;;;;;;;;
W. Hernangóm.;P;26;0;9;4,3;2,6;0,3;0,8;0,61;0,20;0,43;0,3;1;1,2;5,4;0,8;1,7;29;53;104,5;108;NYK;24;210,82;1,9;3,1;0,5;1,1;;;;;;;;;;;;;
L. Thomas;AP;73;31;18,5;4,1;2,4;0,2;0,6;0,38;0,40;0,83;0,4;0,6;1,8;4,7;0,6;1,8;29;53;104,5;108;NYK;30;203,2;1,4;3,7;0,6;0,7;;;;;;;;;;;;;
D. Dotson;B/ES;44;2;10,8;4,1;1,9;0;0,7;0,45;0,32;0,70;0,3;0,4;0,8;4,5;0,2;1,7;29;53;104,5;108;NYK;24;195,58;1,6;3,7;0,4;0,5;;;;;;;;;;;;;
R. Sessions;B;13;3;12,8;3,7;1,4;0,1;2,1;0,32;0,18;0,80;0,5;1,2;1,1;3,6;0,1;1,3;29;53;104,5;108;NYK;32;190,5;1,3;4,1;0,9;1,2;;;;;;;;;;;;;
R. Baker;ES;29;1;13,3;2,4;1;0,2;1,6;0,34;0,33;0,77;0,9;0,6;1,1;4;0,2;0,9;29;53;104,5;108;NYK;25;193,04;0,7;2;0,7;0,9;;;;;;;;;;;;;
J. Noah;P;7;0;5,7;1,7;2;0,3;0,6;0,50;0,00;0,50;0,3;0,6;0,7;3,3;0,9;1,1;29;53;104,5;108;NYK;33;210,82;0,7;1,4;0,3;0,6;;;;;;;;;;;;;
M. Kuzminskas;AL;1;0;2;0;0;0;0;0,00;0,00;0,00;0;0;0;-2;0;0;29;53;104,5;108;NYK;28;205,74;0;2;0;0;;;;;;;;;;;;;
R. Westbrook;B;80;80;36,4;25,4;10,1;0,3;10,3;0,45;0,30;0,74;1,8;4,8;2,5;29,5;1,9;8,2;48;34;107,9;104,4;OKC;30;193;9,5;21,1;5,2;7,1;;;;;;;;;;;;;
P. George;ES/AL;79;79;36,6;21,9;5,7;0,5;3,3;0,43;0,40;0,82;2;2,7;2,9;20,2;0,9;4,7;48;34;107,9;104,4;OKC;28;205,74;7,3;17;4,3;5,2;;;;;;;;;;;;;
C. Anthony;P/AP;78;78;32,1;16,2;5,8;0,6;1,3;0,40;0,36;0,77;0,6;1,3;2,5;13,8;0,9;4,9;48;34;107,9;104,4;OKC;34;203,2;6,1;15;1,9;2,5;;;;;;;;;;;;;
S. Adams;P;76;76;32,7;13,9;9;1;1,2;0,63;0,00;0,56;1,2;1,7;2,8;19,5;5,1;4;48;34;107,9;104,4;OKC;34;203,2;5,9;9,4;2,1;3,8;;;;;;;;;;;;;
C. Brewer;AL/AP;18;16;28,6;10,1;3,4;0,3;1,3;0,44;0,34;0,80;2,1;0,6;3,1;11,8;1,1;2,3;48;34;107,9;104,4;OKC;32;205,74;3,6;8;1,7;2,2;;;;;;;;;;;;;
J. Grant;AP;81;1;20,3;8,4;3,9;1;0,7;0,54;0,29;0,68;0,4;0,7;1,9;10,1;1,1;2,9;48;34;107,9;104,4;OKC;24;205,74;3;5,6;2;3;;;;;;;;;;;;;
R. Felton;B/ES;82;2;16,6;6,9;1,9;0,2;2,5;0,41;0,35;0,82;0,6;0,9;1,1;7;0,3;1,6;48;34;107,9;104,4;OKC;34;185,42;2,7;6,7;0,4;0,5;;;;;;;;;;;;;
A. Roberson;ES/AL;39;39;26,6;5;4,7;0,9;1,2;0,54;0,22;0,32;1,2;0,8;2,3;9,6;1,9;2,8;48;34;107,9;104,4;OKC;26;200,66;2,2;4,2;0,3;1;;;;;;;;;;;;;
A. Abrines;ES/AL;75;8;15,1;4,7;1,5;0,1;0,4;0,40;0,38;0,85;0,5;0,3;1,7;4,4;0,3;1,2;48;34;107,9;104,4;OKC;24;198,12;1,5;3,9;0,5;0,6;;;;;;;;;;;;;
P. Patterson;P/AP;82;3;15,5;3,9;2,4;0,3;0,7;0,40;0,39;0,87;0,6;0,4;1,1;5,4;0,4;2;48;34;107,9;104,4;OKC;29;205,74;1,3;3,2;0,5;0,6;;;;;;;;;;;;;
T. Ferguson;AL;61;12;12,5;3,1;0,8;0,2;0,3;0,41;0,33;0,90;0,4;0,2;1,4;2,9;0,3;0,5;48;34;107,9;104,4;OKC;20;200,66;1,1;2,8;0,1;0,2;;;;;;;;;;;;;
J. Huestis;ES/AL;69;10;14,2;2,3;2,3;0,6;0,3;0,33;0,29;0,30;0,2;0,4;1,2;3,4;0,6;1,7;48;34;107,9;104,4;OKC;26;200,66;0,9;2,6;0,1;0,3;;;;;;;;;;;;;
N. Collison;P/AP;15;0;5;2,1;1,3;0;0,3;0,68;0,00;0,39;0;0,5;0,5;2,3;0,5;0,9;48;34;107,9;104,4;OKC;37;208,28;0,9;1,3;0,3;0,9;;;;;;;;;;;;;
D. Hamilton;ES/AL;6;0;4,7;2;0,8;0;1,3;0,46;0,40;0,00;0,2;0,3;0,3;3;0;0,8;48;34;107,9;104,4;OKC;22;200,66;0,8;1,8;0;0;;;;;;;;;;;;;
K. Singler;AL/AP;12;0;4,9;1,9;0,8;0;0,2;0,33;0,40;0,54;0,1;0,3;0,3;1,1;0,1;0,8;48;34;107,9;104,4;OKC;30;203,2;0,6;1,8;0,6;1,1;;;;;;;;;;;;;
D. Johnson;P;31;6;5,2;1,8;1,1;0,3;0,3;0,56;0,00;0,55;0,2;0,1;0,9;2,6;0,5;0,6;48;34;107,9;104,4;OKC;22;213,36;0,7;1,3;0,4;0,6;;;;;;;;;;;;;
P. Dozier;AL;2;0;1,5;1;0,5;0;0;0,50;0,00;0,00;0;0,5;0,5;0,5;0;0,5;48;34;107,9;104,4;OKC;21;198,12;0,5;1;0;0;;;;;;;;;;;;;
E. Fournier;ES/AL;57;57;32,2;17,8;3,2;0,3;2,9;0,46;0,38;0,87;0,8;1,7;2,4;15,2;0,4;2,8;25;57;103,4;108,2;ORL;25;200,66;6,5;14,1;2,6;3;;;;;;;;;;;;;
A. Gordon;AL/AP;58;57;32,9;17,6;7,9;0,8;2,3;0,43;0,34;0,70;1;1,8;1,9;18,2;1,5;6,4;25;57;103,4;108,2;ORL;22;205,74;6,5;14,9;2,7;3,9;;;;;;;;;;;;;
N. Vucevic;P;57;57;29,5;16,5;9,2;1,1;3,4;0,48;0,31;0,82;1;1,9;2,5;21,1;1,8;7,4;25;57;103,4;108,2;ORL;27;213,36;7;14,7;1,4;1,6;;;;;;;;;;;;;
J. Simmons;ES/AL;69;50;29,4;13,9;3,5;0,2;2,5;0,47;0,34;0,77;0,8;2,1;2,5;12,1;0,9;2,6;25;57;103,4;108,2;ORL;28;198,12;5,1;11;2,7;3,5;;;;;;;;;;;;;
E. Payton;B;44;44;28,6;13;4;0,4;6,3;0,52;0,37;0,63;1,5;2,6;2,2;16,5;1,1;2,9;25;57;103,4;108,2;ORL;24;193,04;5,4;10,4;1,6;2,6;;;;;;;;;;;;;
D. Augustin;B;75;36;23,5;10,2;2,1;0;3,8;0,45;0,42;0,87;0,7;1,6;1,3;11;0,4;1,7;25;57;103,4;108,2;ORL;30;182,88;3,3;7,2;2,2;2,5;;;;;;;;;;;;;
M. Hezonja;AL/AP;75;30;22,1;9,6;3,7;0,4;1,4;0,44;0,34;0,82;1,1;1,1;1,8;10,3;0,5;3,2;25;57;103,4;108,2;ORL;23;203,2;3,6;8,2;1,1;1,4;;;;;;;;;;;;;
T. Ross;ES/AL;24;20;25;8,7;3;0,5;1,6;0,40;0,32;0,75;1,1;1,2;1,9;8,5;0,4;2,6;25;57;103,4;108,2;ORL;27;200,66;3,2;8;1,1;1,5;;;;;;;;;;;;;
M. Speights;P/AP;52;3;13;7,7;2,6;0,4;0,8;0,40;0,37;0,73;0,2;0,8;2;6,5;0,4;2,2;25;57;103,4;108,2;ORL;30;208,28;2,7;6,7;0,8;1,1;;;;;;;;;;;;;
S. Mack;B/ES;69;3;19,8;6,9;2,4;0,1;3,9;0,43;0,35;0,71;0,8;1,3;1,3;9;0,3;2,1;25;57;103,4;108,2;ORL;28;190,5;2,6;6;1;1,4;;;;;;;;;;;;;
R. Purvis;ES;16;2;18,1;6;1,7;0,2;1,1;0,33;0,25;0,87;0,2;0,6;1,6;3,9;0,1;1,6;25;57;103,4;108,2;ORL;24;193,04;2,2;6,7;0,8;0,9;;;;;;;;;;;;;
B. Biyombo;P;82;25;18,2;5,7;5,7;1,2;0,8;0,52;0,00;0,65;0,3;1;1,9;9,9;1,8;4;25;57;103,4;108,2;ORL;25;205,74;2,2;4,3;1,2;1,9;;;;;;;;;;;;;
J. Isaac;P/AP;27;10;19,8;5,4;3,7;1,1;0,7;0,38;0,35;0,76;1,2;1;1,8;7,5;0,6;3,1;25;57;103,4;108,2;ORL;20;208,28;2;5,4;0,7;0,9;;;;;;;;;;;;;
J. Artis;ES/AL;15;1;18,6;5,1;2,5;0,2;1,2;0,39;0,28;0,58;0,1;0,5;0,7;5,1;0,3;2,3;25;57;103,4;108,2;ORL;25;201;2,1;5,3;0,5;0,8;;;;;;;;;;;;;
K. Birch;P;42;0;13,8;4,2;4,3;0,5;0,8;0,54;0,00;0,69;0,4;0,5;1,3;7,9;1,7;2,6;25;57;103,4;108,2;ORL;25;205,74;1,6;3;1;1,5;;;;;;;;;;;;;
A. Payne;AP;5;0;8,6;4,2;1,8;0;0;0,70;0,67;0,83;0,4;0,4;1,2;5,2;0,4;1,4;25;57;103,4;108,2;ORL;27;208,28;1,4;2;1;1,2;;;;;;;;;;;;;
W. Iwundu;AL;62;12;16,5;3,7;2,2;0,2;0,9;0,43;0,20;0,72;0,5;0,5;1,3;4,8;0,6;1,6;25;57;103,4;108,2;ORL;23;200,66;1,5;3,5;0,5;0,8;;;;;;;;;;;;;
A. Afflalo;ES/AL;53;3;12,8;3,4;1,2;0,2;0,6;0,40;0,39;0,85;0,1;0,4;1,1;3,1;0,1;1,2;25;57;103,4;108,2;ORL;32;195,58;1,2;3,1;0,4;0,5;;;;;;;;;;;;;
R. Vaughn;ES;5;0;7;1;0,8;0;0;0,33;0,50;0,00;0,2;0,4;0,4;0,8;0,2;0,6;25;57;103,4;108,2;ORL;21;198,12;0,4;1,2;0;0;;;;;;;;;;;;;
J. Embiid;P;63;63;30,3;22,9;11;1,8;3,2;0,48;0,31;0,77;0,6;3,7;3,3;25,3;2,3;8,7;52;30;109,8;105,3;PHI;24;213,36;8,1;16,8;5,7;7,4;;;;;;;;;;;;;
J. Redick;ES;70;70;30,2;17,1;2,5;0,1;3;0,46;0,42;0,90;0,5;1,5;1,8;14,7;0,1;2,4;52;30;109,8;105,3;PHI;34;193,04;5,8;12,6;2,8;3,1;;;;;;;;;;;;;
B. Simmons;B;81;81;33,7;15,8;8,1;0,9;8,2;0,55;0,00;0,56;1,7;3,4;2,6;23,8;1,8;6,3;52;30;109,8;105,3;PHI;21;208,28;6,7;12,3;2,4;4,2;;;;;;;;;;;;;
D. Saric;P/AP;78;73;29,6;14,6;6,7;0,3;2,6;0,45;0,39;0,86;0,7;1,9;2,1;16,3;2;4,7;52;30;109,8;105,3;PHI;24;208,28;5,2;11,4;2,3;2,7;;;;;;;;;;;;;
M. Belinelli;ES/AL;28;1;26,3;13,6;1,8;0,3;1,6;0,50;0,39;0,87;0,7;1,4;1,8;11,3;0,2;1,6;52;30;109,8;105,3;PHI;32;195,58;4,9;10;1,7;1,9;;;;;;;;;;;;;
R. Covington;AP;80;80;31,6;12,6;5,4;0,9;2;0,41;0,37;0,85;1,7;1,6;3;14,6;0,7;4,7;52;30;109,8;105,3;PHI;27;205,74;4,3;10,5;1,5;1,7;;;;;;;;;;;;;
E. Ilyasova;P/AP;23;3;24,1;10,8;6,7;0,4;1,7;0,44;0,36;0,73;0,7;1,3;2,8;13,4;1,9;4,8;52;30;109,8;105,3;PHI;31;208,28;4;9,2;1,4;2;;;;;;;;;;;;;
J. Bayless;B/ES;39;11;23,7;7,9;2,1;0,2;1,4;0,42;0,37;0,80;0,6;1,2;2,3;6,7;0,4;1,7;52;30;109,8;105,3;PHI;29;190,5;2,8;6,7;0,9;1,1;;;;;;;;;;;;;
M. Fultz;B;14;0;18,1;7,1;3,1;0,3;3,8;0,41;0,00;0,48;0,9;1,2;1,6;8,4;0,8;2,3;52;30;109,8;105,3;PHI;20;193,04;3,2;7,9;0,7;1,5;;;;;;;;;;;;;
R. Holmes;P;48;2;15,5;6,5;4,4;0,6;1,3;0,56;0,13;0,66;0,4;0,5;2;10;1,2;3,2;52;30;109,8;105,3;PHI;24;208,28;2,8;5;0,8;1,2;;;;;;;;;;;;;
T. McConnell;B;76;1;22,4;6,3;3;0,2;4;0,50;0,44;0,80;1,2;1,5;1,6;10,3;0,5;2,5;52;30;109,8;105,3;PHI;26;187,96;2,8;5,5;0,4;0,5;;;;;;;;;;;;;
J. Anderson;AL/AP;38;0;13,7;6,2;2,4;0,2;0,7;0,43;0,33;0,74;0,4;0,4;1,4;6,2;0,7;1,8;52;30;109,8;105,3;PHI;24;198,12;2,3;5,3;0,7;1;;;;;;;;;;;;;
T. Luwawu;AL/AP;52;7;15,5;5,8;1,4;0,1;1;0,38;0,34;0,79;0,2;0,7;1,9;4,3;0,3;1,1;52;30;109,8;105,3;PHI;23;198,12;1,9;5,1;0,9;1,1;;;;;;;;;;;;;
J. Okafor;P;2;0;12,5;5;4,5;1;0,5;0,44;0,00;0,50;0;1,5;3,5;6;2;2,5;52;30;109,8;105,3;PHI;22;210,82;2;4,5;1;2;;;;;;;;;;;;;
T. Booker;P/AP;33;0;15;4,7;3,7;0,3;0,8;0,56;0,29;0,82;0,5;0,6;1,5;7,8;1,4;2,3;52;30;109,8;105,3;PHI;30;203,2;1,8;3,3;1;1,2;;;;;;;;;;;;;
A. Johnson;P;74;18;15,8;4,6;4,5;0,6;1,6;0,54;0,31;0,61;0,6;0,7;2,6;9,1;1,7;2,8;52;30;109,8;105,3;PHI;31;205,74;1,9;3,5;0,7;1,1;;;;;;;;;;;;;
J. Young;ES/AL;6;0;10,2;2,8;0,3;0;0,3;0,36;0,30;0,67;0;0,2;0,7;1,5;0;0,3;52;30;109,8;105,3;PHI;22;198,12;0,8;2,3;0,7;1;;;;;;;;;;;;;
J. McAdoo;AP;3;0;6;2,7;0,7;0,3;0;0,29;0,29;1,00;0;0,3;0,3;1,7;0;0,7;52;30;109,8;105,3;PHI;25;205,74;0,7;2,3;0,7;0,7;;;;;;;;;;;;;
D. Jackson;B;3;0;5,7;2,7;0,3;0;1,3;0,75;1,00;0,50;0,3;0,3;0,3;3,7;0,3;0;52;30;109,8;105,3;PHI;24;185;1;1,3;0,3;0,7;;;;;;;;;;;;;
F. Korkmaz;ES;14;0;5,7;1,6;0,8;0,1;0,3;0,29;0,29;0,50;0,1;0,1;0,9;1,2;0,1;0,6;52;30;109,8;105,3;PHI;20;200,66;0,6;2;0,1;0,3;;;;;;;;;;;;;
N. Stauskas;ES;6;0;7,5;0,7;0,2;0;0,2;0,25;0,00;1,00;0,7;0,7;0,5;0,5;0;0,2;52;30;109,8;105,3;PHI;24;193,04;0,2;0,7;0,3;0,3;;;;;;;;;;;;;
J. Pullen;B;3;0;2;0,7;0;0;0;0,50;0,00;0,00;0;0,3;0;0;0;0;52;30;109,8;105,3;PHI;34;193,04;0,3;0,7;0;0;;;;;;;;;;;;;
L. Drew II;B;3;0;5;0,7;0,3;0;0,7;0,14;0,00;0,00;0;0,3;0,7;-0,7;0,3;0;52;30;109,8;105,3;PHI;28;187,96;0,3;2,3;0;0;;;;;;;;;;;;;
D. Booker;B/ES;54;54;34,5;24,9;4,5;0,3;4,7;0,43;0,38;0,88;0,9;3,6;3,1;19,8;0,5;4;21;61;103,9;113,3;PHX;21;198,12;8,4;19,5;5,4;6,1;;;;;;;;;;;;;
T. Warren;AL/AP;65;65;33;19,6;5,1;0,6;1,3;0,50;0,22;0,76;1;1,3;2,3;17,1;1,9;3,2;21;61;103,9;113,3;PHX;24;203,2;8,1;16,4;3;3,9;;;;;;;;;;;;;
E. Bledsoe;B/ES;3;3;27,7;15,7;2,3;0,7;3;0,40;0,31;0,79;1,3;3,3;2;10,7;1;1,3;21;61;103,9;113,3;PHX;28;185,42;5,3;13,3;3,7;4,7;;;;;;;;;;;;;
J. Jackson;AL;77;35;25,4;13,1;4,6;0,5;1,5;0,42;0,26;0,63;1;1,9;2,8;10,5;1,2;3,3;21;61;103,9;113,3;PHX;21;203,2;5,1;12,1;2,3;3,6;;;;;;;;;;;;;
E. Payton;B;19;19;29;11,8;5,3;0,3;6,2;0,44;0,20;0,69;1;2,8;2,6;14,6;0,9;4,4;21;61;103,9;113,3;PHX;24;193,04;4,8;11;1,9;2,8;;;;;;;;;;;;;
G. Monroe;P;20;14;23,3;11,3;8;0,3;2,5;0,63;0,00;0,67;0,8;2;2;17,2;2,5;5,5;21;61;103,9;113,3;PHX;28;210,82;4,9;7,8;1,6;2,3;;;;;;;;;;;;;
M. James;B;32;10;20,9;10,4;2,8;0,2;3,8;0,39;0,27;0,76;0,8;1,5;1,4;9,9;0,4;2,4;21;61;103,9;113,3;PHX;25;200,66;3,8;9,8;2;2,6;;;;;;;;;;;;;
I. Canaan;B;19;1;22;9,1;2,3;0,1;4;0,38;0,33;0,90;0,8;1,5;1,9;10,1;0,3;2;21;61;103,9;113,3;PHX;27;182,88;2,7;7,2;2,4;2,7;;;;;;;;;;;;;
T. Daniels;ES/AL;79;15;20,5;8,9;1,6;0,1;0,6;0,40;0,40;0,88;0,3;0,7;1,7;6,4;0,2;1,5;21;61;103,9;113,3;PHX;27;193;2,9;7,3;0,7;0,8;;;;;;;;;;;;;
A. Len;P;69;13;20,2;8,5;7,5;0,9;1,2;0,57;0,33;0,68;0,4;1,1;2,3;13,9;2,5;5;21;61;103,9;113,3;PHX;25;215,9;3,1;5,5;2,3;3,3;;;;;;;;;;;;;
T. Ulis;B;71;43;23,4;7,8;1,8;0,1;4,4;0,39;0,29;0,83;1;1,8;1,7;8,3;0,3;1,5;21;61;103,9;113,3;PHX;22;177,8;3;7,8;1,2;1,4;;;;;;;;;;;;;
M. Chriss;P/AP;72;49;21,2;7,7;5,5;1;1,2;0,42;0,30;0,61;0,7;1,5;2,8;9,9;1,1;4,4;21;61;103,9;113,3;PHX;20;208,28;2,8;6,6;1,3;2,2;;;;;;;;;;;;;
D. House;AL;23;3;17,5;6,6;3,3;0,3;1,1;0,43;0,26;0,81;0,3;0,5;1;7,7;0,6;2,7;21;61;103,9;113,3;PHX;25;200,66;2,4;5,6;1,1;1,3;;;;;;;;;;;;;
S. Harrison;ES/AL;23;2;16,7;6,6;2,7;0,3;2,4;0,48;0,23;0,74;1,1;1;1,8;8,9;0,4;2,3;21;61;103,9;113,3;PHX;24;193,04;2,6;5,4;1,2;1,7;;;;;;;;;;;;;
D. Bender;P/AP;82;37;25,2;6,5;4,4;0,6;1,6;0,39;0,37;0,77;0,3;1,4;2;8,2;0,5;3,9;21;61;103,9;113,3;PHX;20;215,9;2,3;5,9;0,5;0,6;;;;;;;;;;;;;
T. Chandler;P;46;46;25;6,5;9,1;0,6;1,2;0,65;0,00;0,62;0,3;1,3;2,3;14,2;2,9;6,2;21;61;103,9;113,3;PHX;35;215,9;2,6;4,1;1,3;2;;;;;;;;;;;;;
J. Gray;B;5;0;17,2;6,4;2;0,4;2,4;0,27;0,23;0,64;1,6;1,4;1,6;4,6;0,4;1,6;21;61;103,9;113,3;PHX;24;185,42;2,2;8,2;1,4;2,2;;;;;;;;;;;;;
A. Peters;AP;20;0;11,3;4,1;1,9;0,1;0,6;0,38;0,31;0,80;0,1;0,2;0,7;4,2;0,4;1,5;21;61;103,9;113,3;PHX;32;200,66;1,4;3,7;0,4;0,5;;;;;;;;;;;;;
A. Williams;P/AP;5;0;14;4;4,4;0,2;1,6;0,39;0,00;0,67;1;1,4;2,6;7;0,6;3,8;21;61;103,9;113,3;PHX;25;203,2;1,4;3,6;1,2;1,8;;;;;;;;;;;;;
J. Dudley;AP;48;0;14,3;3,2;2;0,2;1,6;0,39;0,36;0,77;0,5;0,6;1,8;5,2;0,2;1,8;21;61;103,9;113,3;PHX;32;200,66;1,4;3,7;0,4;0,5;;;;;;;;;;;;;
D. Reed;ES/AL;21;1;11,5;3;1,9;0,1;0,6;0,29;0,29;0,67;0,5;0,5;0,8;2,8;0,1;1,8;21;61;103,9;113,3;PHX;23;198,12;1;3,6;0,4;0,6;;;;;;;;;;;;;
D. Jones Jr.;AP;6;0;5,5;1,5;0,7;0,7;0,5;0,50;0,00;0,83;0,2;0,2;0,3;2,8;0,3;0,3;21;61;103,9;113,3;PHX;25;200,66;0,3;0,7;0,8;1;;;;;;;;;;;;;
D. Lillard;B;73;73;36,6;26,9;4,5;0,4;6,6;0,44;0,36;0,92;1,1;2,8;1,6;25;0,8;3,6;49;33;105,6;103;POR;27;190,5;8,5;19,4;6,8;7,4;;;;;;;;;;;;;
C. McCollum;B/ES;81;81;36,1;21,4;4;0,4;3,4;0,44;0,40;0,84;1;1,9;2,1;17,4;0,7;3,3;49;33;105,6;103;POR;26;190,5;8,2;18,6;2,6;3,1;;;;;;;;;;;;;
J. Nurkic;P;79;79;26,4;14,3;9;1,4;1,8;0,51;0,00;0,63;0,8;2,3;3,1;17,8;2,4;6,6;49;33;105,6;103;POR;23;213,36;6,1;12;2,2;3,5;;;;;;;;;;;;;
A. Aminu;AL/AP;69;67;30;9,3;7,6;0,6;1,2;0,40;0,37;0,74;1,1;1,1;2;13,3;1,4;6,2;49;33;105,6;103;POR;27;205,74;3,3;8,4;0,9;1,2;;;;;;;;;;;;;
S. Napier;B;74;9;20,7;8,7;2,3;0,2;2;0,42;0,38;0,84;1,1;1,2;1,1;8,6;0,4;1,9;49;33;105,6;103;POR;26;185,42;3;7,2;1,6;1,9;;;;;;;;;;;;;
E. Turner;ES/AL;79;40;25,7;8,2;3,1;0,4;2,2;0,45;0,32;0,85;0,6;1,3;2,1;9;0,4;2,7;49;33;105,6;103;POR;29;200,66;3,3;7,3;1,2;1,4;;;;;;;;;;;;;
M. Harkless;AL/AP;59;37;21,4;6,5;2,7;0,7;0,9;0,50;0,42;0,71;0,8;0,7;1,7;8,2;0,8;2;49;33;105,6;103;POR;25;205,74;2,5;5;0,7;1;;;;;;;;;;;;;
P. Connaughton;ES/AL;82;5;18,1;5,4;2;0,3;1,1;0,42;0,35;0,84;0,3;0,5;1,5;5,6;0,4;1,5;49;33;105,6;103;POR;25;195,58;2;4,8;0,5;0,5;;;;;;;;;;;;;
W. Baldwin;B;7;0;11,4;5,4;1,1;0,1;0,7;0,67;0,80;0,60;0,3;0,6;1,7;5,6;0,1;1;49;33;105,6;103;POR;22;193,04;2;3;0,9;1,4;;;;;;;;;;;;;
E. Davis;P;78;0;18,9;5,3;7,4;0,7;0,5;0,58;0,00;0,67;0,4;0,8;2,4;11,4;2,3;5;49;33;105,6;103;POR;29;208,28;2,2;3,7;0,9;1,4;;;;;;;;;;;;;
Z. Collins;P;66;1;15,8;4,4;3,3;0,5;0,8;0,40;0,31;0,64;0,3;0,9;2;5,5;0,7;2,7;49;33;105,6;103;POR;20;213,36;1,7;4,4;0,4;0,6;;;;;;;;;;;;;
N. Vonleh;P;33;12;14,4;3,6;5,1;0,3;0,4;0,49;0,33;0,74;0,2;0,5;1,3;7,4;1,1;4;49;33;105,6;103;POR;22;205,74;1,4;2,9;0,7;0,9;;;;;;;;;;;;;
M. Leonard;P;33;2;7,7;3,4;2,1;0;0,5;0,59;0,42;0,82;0,2;0,3;1,1;4,9;0,4;1,8;49;33;105,6;103;POR;26;215,9;1,4;2,4;0,3;0,3;;;;;;;;;;;;;
C. Swanigan;P/AP;27;3;7;2,3;2;0,1;0,5;0,40;0,13;0,67;0,2;0,7;1,4;2,9;0,6;1,4;49;33;105,6;103;POR;21;203,2;0,9;2,2;0,4;0,7;;;;;;;;;;;;;
G. Papagiannis;P;1;0;4;2;1;0;0;1,00;0,00;0,00;2;0;0;5;1;0;49;33;105,6;103;POR;20;215,9;1;1;0;0;;;;;;;;;;;;;
J. Layman;AL/AP;34;1;4,7;1;0,5;0,1;0,3;0,30;0,20;0,67;0,2;0,1;0,4;0,9;0,1;0,3;49;33;105,6;103;POR;24;205,74;0,4;1,3;0,1;0,1;;;;;;;;;;;;;
Z. Randolph;P/AP;59;58;25,5;14,5;6,7;0,2;2,2;0,47;0,35;0,79;0,7;2;2;15,1;1,6;5,1;27;55;98,8;105,8;SAC;25;198,12;6,1;12,9;1,4;1,8;;;;;;;;;;;;;
B. Hield;ES/AL;80;13;25,3;13,5;3,8;0,3;1,9;0,45;0,43;0,88;1,1;1,6;1,9;12,5;0,7;3,2;27;55;98,8;105,8;SAC;25;193,04;5,2;11,7;0,9;1;;;;;;;;;;;;;
W. Cauley-Stein;P;73;57;28;12,8;7;0,9;2,4;0,50;0,25;0,62;1,1;1,5;2,5;16;1,8;5,2;27;55;98,8;105,8;SAC;24;213,36;5,3;10,6;2,1;3,4;;;;;;;;;;;;;
B. Bogdanovic;ES/AL;78;52;27,9;11,8;2,9;0,2;3,3;0,45;0,39;0,84;0,9;1,6;2,2;11,7;0,4;2,5;27;55;98,8;105,8;SAC;25;198,12;4,4;9,9;1,3;1,5;;;;;;;;;;;;;
D. Fox;B;73;61;27,7;11,6;2,8;0,3;4,4;0,41;0,31;0,72;1;2,4;2,2;10,4;0,5;2,3;27;55;98,8;105,8;SAC;20;190,5;4,5;10,9;1,9;2,7;;;;;;;;;;;;;
G. Hill;B/ES;43;36;26,6;10,3;2,7;0,3;2,8;0,47;0,45;0,78;0,9;1,4;1,7;11;0,5;2,2;27;55;98,8;105,8;SAC;32;190,5;3,6;7,6;1,8;2,3;;;;;;;;;;;;;
S. Labissiere;P;60;29;20,7;8,7;4,8;0,8;1,2;0,45;0,35;0,81;0,4;1,2;2,2;10,1;1,7;3,2;27;55;98,8;105,8;SAC;22;210,82;3,4;7,6;1,6;2;;;;;;;;;;;;;
G. Temple;AL;65;35;24,8;8,4;2,3;0,4;1,9;0,42;0,39;0,77;0,9;1,2;2,1;8,2;0,3;2;27;55;98,8;105,8;SAC;32;198,12;3,1;7,3;0,9;1,2;;;;;;;;;;;;;
F. Mason III;B/ES;52;2;18,9;7,9;2,5;0,2;2,8;0,38;0,36;0,82;0,7;1,3;1,4;7,9;0,6;1,9;27;55;98,8;105,8;SAC;24;180,34;2,8;7,3;1,8;2,2;;;;;;;;;;;;;
K. Koufos;P;71;12;19,6;6,7;6,6;0,5;1,2;0,57;0,00;0,45;0,7;0,7;2,1;12,1;2,1;4,5;27;55;98,8;105,8;SAC;29;213,36;3,1;5,5;0,5;1;;;;;;;;;;;;;
J. Jackson;ES/AL;68;41;22,1;6,7;2,8;0,2;1,1;0,44;0,31;0,72;0,4;0,6;1,2;6,9;0,4;2,4;27;55;98,8;105,8;SAC;23;203,2;2,7;6,2;0,4;0,5;;;;;;;;;;;;;
J. Cooley;P/AP;7;0;12,4;5,7;4,3;0;0,9;0,48;0,00;0,74;0,1;0,4;1,9;7,9;2;2,3;27;55;98,8;105,8;SAC;27;208,28;1,9;3,9;2;2,7;;;;;;;;;;;;;
V. Carter;AL;58;4;17,7;5,4;2,6;0,4;1,2;0,40;0,35;0,76;0,7;0,6;1,7;6,6;0,3;2,2;27;55;98,8;105,8;SAC;41;198,12;2;4,9;0,5;0,6;;;;;;;;;;;;;
J. Sampson;P/AP;22;6;15,6;4,7;3,5;1;0,4;0,54;0,50;0,63;0,4;0,4;2,2;7,7;1;2,6;27;55;98,8;105,8;SAC;25;205,74;2;3,7;0,5;0,7;;;;;;;;;;;;;
N. Hayes;AP;5;0;21;3,6;4,4;0,6;0,8;0,29;0,17;0,00;0,4;0,2;1,6;5,2;0,8;3,6;27;55;98,8;105,8;SAC;23;200,66;1,6;5,6;0;0,4;;;;;;;;;;;;;
M. Richardson;AL;25;4;12,8;3,5;1,3;0;0,5;0,33;0,31;0,77;0,4;0,4;1,1;2,8;0,2;1,1;27;55;98,8;105,8;SAC;22;198,12;1,2;3,5;0,7;0,9;;;;;;;;;;;;;
B. Caboclo;P/AP;10;0;10;2,6;2,1;0,4;0,3;0,31;0,20;0,83;0,2;0,4;0,7;3,1;0,7;1,4;27;55;98,8;105,8;SAC;23;206;0,9;2,9;0,5;0,6;;;;;;;;;;;;;
G. Papagiannis;P;16;0;7,4;2,1;2,3;0,4;0,6;0,42;0,00;0,00;0,1;0,5;0,8;3,4;0,8;1,5;27;55;98,8;105,8;SAC;20;215,9;1,1;2,6;0;0;;;;;;;;;;;;;
L. Aldridge;P/AP;75;75;33,4;23,1;8,5;1,2;2;0,51;0,29;0,84;0,6;1,5;2,1;24,3;3,3;5,2;47;35;102,7;99,8;SAS;32;210,82;9,2;18;4,5;5,3;;;;;;;;;;;;;
K. Leonard;AL/AP;9;9;23,3;16,2;4,7;1;2,3;0,47;0,31;0,82;2;1,8;1;17,1;0,7;4;47;35;102,7;99,8;SAS;27;200,66;5,8;12,3;3,4;4,2;;;;;;;;;;;;;
R. Gay;AP;57;6;21,6;11,5;5,1;0,7;1,3;0,47;0,31;0,77;0,8;1,4;1,7;12,4;1,3;3,8;47;35;102,7;99,8;SAS;31;203,2;4,4;9,4;2;2,5;;;;;;;;;;;;;
P. Gasol;P/AP;77;63;23,5;10,1;8;1;3,1;0,46;0,36;0,76;0,3;1,4;1,6;16,1;1,7;6,4;47;35;102,7;99,8;SAS;37;213,36;3,7;8,1;2,1;2,7;;;;;;;;;;;;;
P. Mills;B/ES;82;36;25,7;10;1,9;0,1;2,8;0,41;0,37;0,89;0,7;1,3;1,6;9,1;0,3;1,6;47;35;102,7;99,8;SAS;29;182,88;3,4;8,3;1,3;1,4;;;;;;;;;;;;;
M. Ginóbili;ES/AL;65;0;20;8,9;2,2;0,2;2,5;0,43;0,33;0,84;0,7;1,6;1,9;8,5;0,3;1,9;47;35;102,7;99,8;SAS;40;198,12;3,1;7,1;1,7;2;;;;;;;;;;;;;
D. Green;ES/AL;70;60;25,6;8,6;3,6;1,1;1,6;0,39;0,36;0,77;0,9;1,1;1,7;9,6;0,6;3;47;35;102,7;99,8;SAS;31;198,12;3,1;8;0,7;0,9;;;;;;;;;;;;;
D. Murray;B/ES;81;48;21,5;8,1;5,7;0,4;2,9;0,44;0,27;0,71;1,2;1,7;1,9;11,8;1,4;4,3;47;35;102,7;99,8;SAS;21;195,58;3,3;7,5;1,3;1,8;;;;;;;;;;;;;
K. Anderson;AL/AP;74;67;26,7;7,9;5,4;0,8;2,7;0,53;0,33;0,71;1,6;1,3;1,5;13,7;1,1;4,2;47;35;102,7;99,8;SAS;24;205,74;3,1;5,9;1,4;2;;;;;;;;;;;;;
T. Parker;B;55;21;19,5;7,7;1,7;0;3,5;0,46;0,27;0,71;0,5;1,2;0,9;8;0,1;1,6;47;35;102,7;99,8;SAS;36;187,96;3,2;7,1;1;1,4;;;;;;;;;;;;;
B. Forbes;ES;80;12;19;6,9;1,4;0;1;0,42;0,39;0,67;0,4;0,5;1,4;5,3;0,2;1,2;47;35;102,7;99,8;SAS;24;190,5;2,6;6,2;0,6;0,9;;;;;;;;;;;;;
D. Bertans;P/AP;77;10;14,1;5,9;2;0,4;1;0,44;0,37;0,82;0,3;0,5;1,2;6,3;0,2;1,8;47;35;102,7;99,8;SAS;25;208,28;2,1;4,8;0,5;0,6;;;;;;;;;;;;;
J. Lauvergne;P/AP;55;1;9,7;4,1;3,1;0,1;0,7;0,52;0,00;0,64;0,2;0,6;0,8;5,6;1,1;2;47;35;102,7;99,8;SAS;26;210,82;1,8;3,5;0,5;0,9;;;;;;;;;;;;;
D. White;B/ES;17;0;8,2;3,2;1,5;0,2;0,5;0,49;0,62;0,70;0,2;0,4;0,5;3,9;0,3;1,2;47;35;102,7;99,8;SAS;23;193,04;0,9;1,9;0,8;1,2;;;;;;;;;;;;;
B. Paul;ES/AL;64;2;9;2,3;1,1;0,1;0,6;0,43;0,28;0,51;0,4;0,5;0,9;2,5;0,1;1;47;35;102,7;99,8;SAS;27;193,04;0,9;2;0,3;0,7;;;;;;;;;;;;;
D. Hilliard;ES/AL;14;0;6,8;1,1;0,5;0;0,8;0,26;0,00;0,86;0,1;0,3;0,5;1,2;0;0,5;47;35;102,7;99,8;SAS;25;198,12;0,4;1,4;0,4;0,5;;;;;;;;;;;;;
M. Costello;P/AP;4;0;8;1;2,3;0,5;0,5;0,50;0,00;0,00;0,5;0,3;1,8;4;0,3;2;47;35;102,7;99,8;SAS;24;208,28;0,5;1;0;0;;;;;;;;;;;;;
D. DeRozan;AL/AP;80;80;33,9;23;3,9;0,3;5,2;0,46;0,31;0,83;1,1;2,2;1,9;20,5;0,7;3,2;59;23;111,7;103,9;TOR;28;200,66;8,1;17,7;5,8;7;;;;;;;;;;;;;
K. Lowry;B;78;78;32,2;16,2;5,6;0,2;6,9;0,43;0,40;0,85;1,1;2,3;2,5;20,3;0,8;4,7;59;23;111,7;103,9;TOR;32;182,88;5,2;12,1;2,9;3,3;;;;;;;;;;;;;
J. Valanciunas;P;77;77;22,4;12,7;8,6;0,9;1,1;0,57;0,41;0,81;0,4;1,5;2,5;17,7;2,4;6,2;59;23;111,7;103,9;TOR;26;213,36;5,1;8,9;2,2;2,7;;;;;;;;;;;;;
S. Ibaka;P/AP;76;76;27,5;12,6;6,3;1,3;0,8;0,48;0,36;0,80;0,4;1,2;2,8;14,6;1;5,3;59;23;111,7;103,9;TOR;28;208,28;5;10,3;1,2;1,6;;;;;;;;;;;;;
C. Miles;AL;70;3;19,1;10;2,2;0,3;0,8;0,38;0,36;0,84;0,5;0,6;1,9;7,7;0,3;1,9;59;23;111,7;103,9;TOR;31;198,12;3,2;8,6;1,2;1,4;;;;;;;;;;;;;
F. VanVleet;B;76;0;20;8,6;2,4;0,3;3,2;0,43;0,41;0,83;0,9;1;1,7;10,1;0,3;2,1;59;23;111,7;103,9;TOR;24;182,88;3,1;7,2;1,1;1,3;;;;;;;;;;;;;
D. Wright;B/ES;69;4;20,8;8;2,9;0,5;2,9;0,47;0,37;0,83;1;1,1;1,2;10,6;0,7;2,2;59;23;111,7;103,9;TOR;26;195,58;2,9;6,3;1,4;1,7;;;;;;;;;;;;;
P. Siakam;P/AP;81;5;20,7;7,3;4,5;0,5;2;0,51;0,22;0,62;0,8;0,8;2;10,8;1;3,5;59;23;111,7;103,9;TOR;24;205,74;3,1;6,1;0,7;1,1;;;;;;;;;;;;;
J. Poeltl;P;82;0;18,6;6,9;4,8;1,2;0,7;0,66;0,50;0,59;0,5;1;2,6;11;2;2,8;59;23;111,7;103,9;TOR;22;213,36;3,1;4,7;0,7;1,2;;;;;;;;;;;;;
O. Anunoby;ES;74;62;20;5,9;2,5;0,2;0,7;0,47;0,37;0,63;0,7;0,6;1,8;6,6;0,6;1,9;59;23;111,7;103,9;TOR;20;203,2;2,2;4,7;0,5;0,8;;;;;;;;;;;;;
N. Powell;ES/AL;70;18;15,2;5,5;1,7;0,2;1,3;0,40;0,29;0,82;0,5;0,9;1,6;5;0,2;1,5;59;23;111,7;103,9;TOR;25;193,04;2,1;5,3;0,5;0,6;;;;;;;;;;;;;
N. Hayes;AP;2;0;3;3;0;0;0;1,00;1,00;0,00;0;0,5;0;2,5;0;0;59;23;111,7;103,9;TOR;23;200,66;1;1;0;0;;;;;;;;;;;;;
L. Nogueira;P;49;3;8,5;2,5;1,8;0,9;0,4;0,61;0,26;0,68;0,5;0,3;1;4,9;0,4;1,4;59;23;111,7;103,9;TOR;25;213,36;1;1,6;0,4;0,6;;;;;;;;;;;;;
M. Miller;AL/AP;15;4;8,4;2,5;1;0,1;0,2;0,46;0,38;1,00;0,1;0,3;0,7;2,6;0,3;0,7;59;23;111,7;103,9;TOR;25;200,66;0,9;1,9;0,3;0,3;;;;;;;;;;;;;
L. Brown;B/ES;14;0;9,9;2,3;1,1;0;0,9;0,41;0,17;1,00;0,4;0,2;0,5;3;0,1;1;59;23;111,7;103,9;TOR;27;195,58;1;2,4;0,1;0,1;;;;;;;;;;;;;
M. Richardson;AL;1;0;5;2;1;0;0;0,50;0,00;0,00;0;0;0;2;0;1;59;23;111,7;103,9;TOR;22;198,12;1;2;0;0;;;;;;;;;;;;;
A. McKinnie;AL/AP;14;0;3,8;1,5;0,5;0,1;0,1;0,53;0,33;0,67;0,1;0,2;0,6;1,4;0,1;0,4;59;23;111,7;103,9;TOR;27;195,58;0,6;1,1;0,1;0,2;;;;;;;;;;;;;
B. Caboclo;P/AP;2;0;3,5;0;0,5;0;0,5;0,00;0,00;0,00;0,5;0;0,5;0,5;0;0,5;59;23;111,7;103,9;TOR;23;206;0;1;0;0;;;;;;;;;;;;;
D. Mitchell;B/ES;79;71;33,4;20,5;3,7;0,3;3,7;0,44;0,34;0,81;1,5;2,7;2,7;16,6;0,7;3,1;48;34;104,1;99,8;UTA;21;190,5;7,5;17,2;3;3,8;;;;;;;;;;;;;
R. Hood;ES/AL;39;12;27,8;16,8;2,8;0,2;1,7;0,42;0,39;0,88;0,8;1,6;1,6;12,2;0,4;2,5;48;34;104,1;99,8;UTA;25;203,2;6;14,2;2,2;2,5;;;;;;;;;;;;;
R. Gobert;P;56;56;32,4;13,5;10,7;2,3;1,4;0,62;0,00;0,68;0,8;1,9;2,7;22,1;2,9;7,8;48;34;104,1;99,8;UTA;26;215,9;4,9;7,9;3,6;5,3;;;;;;;;;;;;;
R. Rubio;B;77;77;29,3;13,1;4,6;0,1;5,3;0,42;0,35;0,87;1,6;2,7;2,7;15,3;0,6;4;48;34;104,1;99,8;UTA;27;193,04;4,5;10,7;2,9;3,3;;;;;;;;;;;;;
D. Favors;P;77;77;28;12,3;7,2;1,1;1,3;0,56;0,22;0,65;0,7;1,1;2,1;16,4;2,6;4,6;48;34;104,1;99,8;UTA;26;208,28;5,1;9,1;1,8;2,8;;;;;;;;;;;;;
J. Crowder;AL/AP;27;0;27,6;11,8;3,8;0,3;1,5;0,39;0,32;0,77;0,9;1,2;2,3;9,9;0,7;3,1;48;34;104,1;99,8;UTA;27;198,12;4,2;10,9;1,6;2,1;;;;;;;;;;;;;
J. Ingles;AL;82;81;31,5;11,5;4,2;0,2;4,8;0,47;0,44;0,80;1,1;1,9;2,2;15;0,3;3,9;48;34;104,1;99,8;UTA;30;203,2;4,1;8,8;0,8;1;;;;;;;;;;;;;
T. Sefolosha;AP;38;6;21,2;8,2;4,2;0,3;0,9;0,49;0,38;0,82;1,4;0,8;1,6;10,7;0,8;3,5;48;34;104,1;99,8;UTA;34;200,66;3,1;6,3;1,2;1,4;;;;;;;;;;;;;
D. Exum;B/ES;14;0;16,8;8,1;1,9;0,2;3,1;0,48;0,28;0,81;0,6;1,4;1,4;8,8;0,3;1,6;48;34;104,1;99,8;UTA;22;198,12;3;6,2;1,8;2,2;;;;;;;;;;;;;
A. Burks;ES/AL;64;1;16,5;7,7;3;0,1;1;0,41;0,33;0,86;0,6;0,9;1,2;7,5;0,3;2,7;48;34;104,1;99,8;UTA;26;198,12;2,7;6,5;1,7;1,9;;;;;;;;;;;;;
J. Johnson;AL/AP;32;3;21,9;7,3;3,3;0,2;1,4;0,42;0,27;0,83;0,4;1;1;7,4;0,4;3;48;34;104,1;99,8;UTA;37;200,66;3;7,1;0,6;0,8;;;;;;;;;;;;;
J. Jerebko;P/AP;74;19;15,3;5,8;3,3;0,2;0,6;0,47;0,41;0,81;0,3;0,4;1,7;7,2;0,7;2,6;48;34;104,1;99,8;UTA;31;208;2,1;4,6;0,6;0,8;;;;;;;;;;;;;
R. O'Neale;AL;69;4;16,7;5;3,4;0,2;1,4;0,42;0,36;0,80;0,5;0,8;1,5;7,1;0,4;3,1;48;34;104,1;99,8;UTA;25;198,12;1,7;4,1;0,9;1,1;;;;;;;;;;;;;
R. Neto;B;41;0;12,1;4,5;1,2;0,1;1,8;0,46;0,40;0,74;0,3;0,9;0,9;4,8;0,2;1;48;34;104,1;99,8;UTA;26;185,42;1,7;3,7;0,6;0,9;;;;;;;;;;;;;
D. Stockton;B;3;0;3;3,3;0;0;0;0,67;0,67;1,00;0;0,3;1;2,7;0;0;48;34;104,1;99,8;UTA;27;180,34;0,7;1;1,3;1,3;;;;;;;;;;;;;
N. Mitrou-Long;B/ES;1;0;1;3;0;0;0;1,00;1,00;0,00;0;0;0;3;0;0;48;34;104,1;99,8;UTA;24;193,04;1;1;0;0;;;;;;;;;;;;;
E. Udoh;P;63;3;12,9;2,6;2,4;1,2;0,8;0,50;0,00;0,75;0,7;0,3;1,7;6,2;1,1;1,3;48;34;104,1;99,8;UTA;31;208,28;1;1,9;0,7;0,9;;;;;;;;;;;;;
G. Niang;AP;9;0;3,6;1;1;0;0,3;0,36;0,00;0,50;0,2;0,3;0,1;1,3;0,3;0,7;48;34;104,1;99,8;UTA;25;198,12;0,4;1,2;0,1;0,2;;;;;;;;;;;;;
T. Bradley;P;9;0;3,2;0,9;1,2;0;0,1;0,27;0,00;1,00;0;0;0,1;1,3;0,4;0,8;48;34;104,1;99,8;UTA;20;208,28;0,3;1,2;0,2;0,2;;;;;;;;;;;;;
N. Wolters;B;5;0;3,8;0,4;0,4;0;0,2;0,17;0,00;0,00;0;0;0,2;0;0,2;0,2;48;34;104,1;99,8;UTA;27;193,04;0,2;1,2;0;0;;;;;;;;;;;;;
E. McCree;P/AP;4;0;2;0;0,3;0;0;0,00;0,00;0,00;0,3;0,3;0;-0,3;0;0,3;48;34;104,1;99,8;UTA;24;203,2;0;0,5;0;0;;;;;;;;;;;;;
B. Beal;B/ES;82;82;36,3;22,6;4,4;0,4;4,5;0,46;0,38;0,79;1,2;2,6;2;19,9;0,7;3,7;43;39;106,6;106;WAS;25;195,58;8,3;18,1;3,6;4,5;;;;;;;;;;;;;
J. Wall;B;41;41;34,4;19,4;3,7;1,1;9,6;0,42;0,37;0,73;1,4;3,9;2;20,3;0,5;3,1;43;39;106,6;106;WAS;27;193,04;6,8;16,3;4,3;5,9;;;;;;;;;;;;;
O. Porter;AL/AP;77;77;31,6;14,7;6,4;0,5;2;0,50;0,44;0,83;1,5;1;2;18,2;1,3;5,1;43;39;106,6;106;WAS;25;203,2;5,8;11,5;1,4;1,7;;;;;;;;;;;;;
K. Oubre;AL/AP;81;11;27,5;11,8;4,5;0,4;1,2;0,40;0,34;0,82;1;1,1;2,9;11,4;0,7;3,8;43;39;106,6;106;WAS;22;200,66;3,9;9,8;2,4;2,9;;;;;;;;;;;;;
M. Morris;P/AP;73;73;26,9;11,5;5,6;0,5;1,9;0,48;0,37;0,82;0,8;1,7;3;13,4;1;4,6;43;39;106,6;106;WAS;28;208,28;4,5;9,4;1,4;1,8;;;;;;;;;;;;;
M. Scott;P/AP;76;1;18,5;8,8;3,3;0,1;1,1;0,53;0,41;0,66;0,3;1;1,9;8,9;0,7;2,6;43;39;106,6;106;WAS;29;203,2;3,6;6,9;0,7;1;;;;;;;;;;;;;
M. Gortat;P;82;82;25,3;8,4;7,6;0,7;1,8;0,52;0,00;0,68;0,5;1,2;2,1;13,9;2,2;5,4;43;39;106,6;106;WAS;34;210,82;3,5;6,8;1,3;2;;;;;;;;;;;;;
T. Satoransky;B;73;30;22,5;7,2;3,2;0,2;3,9;0,52;0,47;0,78;0,7;1,1;1,8;11,3;1;2,2;43;39;106,6;106;WAS;26;200,66;2,8;5,3;1;1,3;;;;;;;;;;;;;
J. Meeks;ES/AL;77;0;14,5;6,3;1,6;0,1;0,9;0,40;0,34;0,86;0,4;0,5;0,7;5,5;0,2;1,4;43;39;106,6;106;WAS;30;193,04;2;5,1;1,3;1,5;;;;;;;;;;;;;
R. Sessions;B;15;0;15;5,9;1,3;0,1;3,3;0,39;0,40;0,76;0,5;1;1;6,8;0,3;1;43;39;106,6;106;WAS;32;190,5;1,7;4,3;2,1;2,8;;;;;;;;;;;;;
I. Mahinmi;P;77;0;14,9;4,8;4,1;0,5;0,7;0,56;0,00;0,70;0,5;1,3;3;7,3;1,8;2,3;43;39;106,6;106;WAS;31;210,82;1,8;3,2;1,2;1,7;;;;;;;;;;;;;
J. Smith;P/AP;33;2;8,6;3,4;1,6;0,4;0,4;0,39;0,13;0,91;0,1;0,5;1,3;3,3;0,5;1,1;43;39;106,6;106;WAS;32;213,36;1,4;3,5;0,6;0,6;;;;;;;;;;;;;
T. Frazier;B;59;11;14,2;3;1,9;0,1;3,3;0,40;0,30;0,77;0,8;1;1,6;6,3;0,3;1,6;43;39;106,6;106;WAS;27;185,42;1,2;2,9;0,4;0,5;;;;;;;;;;;;;
C. McCullough;AP;19;0;4,7;2,4;1,3;0,3;0,2;0,43;0,13;0,64;0;0,1;0,4;2,6;0,4;0,9;43;39;106,6;106;WAS;23;205,74;0,9;2,2;0,5;0,7;;;;;;;;;;;;;
D. Robinson;AL;1;0;13;2;5;0;0;0,33;0,00;0,00;1;0;2;6;2;3;43;39;106,6;106;WAS;23;203,2;1;3;0;0;;;;;;;;;;;;;
;;;;;;;;;;;;;;;;;;;;;;;;;;;;;;;;;;;;;;;;;
;;;;;;;;;;;;;;;;;;;;;;;;;;;;;;;;;;;;;;;;;
;;;;;;;;;;;;;;;;;;;;;;;;;;;;;;;;;;;;;;;;;
;;;;;;;;;;;;;;;;;;;;;;;;;;;;;;;;;;;;;;;;;
;;;;;;;;;;;;;;;;;;;;;;;;;;;;;;;;;;;;;;;;;
;;;;;;;;;;;;;;;;;;;;;;;;;;;;;;;;;;;;;;;;;
;;;;;;;;;;;;;;;;;;;;;;;;;;;;;;;;;;;;;;;;;
;;;;;;;;;;;;;;;;;;;;;;;;;;;;;;;;;;;;;;;;;
;;;;;;;;;;;;;;;;;;;;;;;;;;;;;;;;;;;;;;;;;
;;;;;;;;;;;;;;;;;;;;;;;;;;;;;;;;;;;;;;;;;
;;;;;;;;;;;;;;;;;;;;;;;;;;;;;;;;;;;;;;;;;
;;;;;;;;;;;;;;;;;;;;;;;;;;;;;;;;;;;;;;;;;
;;;;;;;;;;;;;;;;;;;;;;;;;;;;;;;;;;;;;;;;;
;;;;;;;;;;;;;;;;;;;;;;;;;;;;;;;;;;;;;;;;;
;;;;;;;;;;;;;;;;;;;;;;;;;;;;;;;;;;;;;;;;;
;;;;;;;;;;;;;;;;;;;;;;;;;;;;;;;;;;;;;;;;;
;;;;;;;;;;;;;;;;;;;;;;;;;;;;;;;;;;;;;;;;;
;;;;;;;;;;;;;;;;;;;;;;;;;;;;;;;;;;;;;;;;;
;;;;;;;;;;;;;;;;;;;;;;;;;;;;;;;;;;;;;;;;;
;;;;;;;;;;;;;;;;;;;;;;;;;;;;;;;;;;;;;;;;;
;;;;;;;;;;;;;;;;;;;;;;;;;;;;;;;;;;;;;;;;;
;;;;;;;;;;;;;;;;;;;;;;;;;;;;;;;;;;;;;;;;;
;;;;;;;;;;;;;;;;;;;;;;;;;;;;;;;;;;;;;;;;;
;;;;;;;;;;;;;;;;;;;;;;;;;;;;;;;;;;;;;;;;;
;;;;;;;;;;;;;;;;;;;;;;;;;;;;;;;;;;;;;;;;;
;;;;;;;;;;;;;;;;;;;;;;;;;;;;;;;;;;;;;;;;;
;;;;;;;;;;;;;;;;;;;;;;;;;;;;;;;;;;;;;;;;;
;;;;;;;;;;;;;;;;;;;;;;;;;;;;;;;;;;;;;;;;;
;;;;;;;;;;;;;;;;;;;;;;;;;;;;;;;;;;;;;;;;;
;;;;;;;;;;;;;;;;;;;;;;;;;;;;;;;;;;;;;;;;;
;;;;;;;;;;;;;;;;;;;;;;;;;;;;;;;;;;;;;;;;;
;;;;;;;;;;;;;;;;;;;;;;;;;;;;;;;;;;;;;;;;;
;;;;;;;;;;;;;;;;;;;;;;;;;;;;;;;;;;;;;;;;;
;;;;;;;;;;;;;;;;;;;;;;;;;;;;;;;;;;;;;;;;;
;;;;;;;;;;;;;;;;;;;;;;;;;;;;;;;;;;;;;;;;;
;;;;;;;;;;;;;;;;;;;;;;;;;;;;;;;;;;;;;;;;;
;;;;;;;;;;;;;;;;;;;;;;;;;;;;;;;;;;;;;;;;;
;;;;;;;;;;;;;;;;;;;;;;;;;;;;;;;;;;;;;;;;;
;;;;;;;;;;;;;;;;;;;;;;;;;;;;;;;;;;;;;;;;;
;;;;;;;;;;;;;;;;;;;;;;;;;;;;;;;;;;;;;;;;;
;;;;;;;;;;;;;;;;;;;;;;;;;;;;;;;;;;;;;;;;;
;;;;;;;;;;;;;;;;;;;;;;;;;;;;;;;;;;;;;;;;;
;;;;;;;;;;;;;;;;;;;;;;;;;;;;;;;;;;;;;;;;;
;;;;;;;;;;;;;;;;;;;;;;;;;;;;;;;;;;;;;;;;;
;;;;;;;;;;;;;;;;;;;;;;;;;;;;;;;;;;;;;;;;;
;;;;;;;;;;;;;;;;;;;;;;;;;;;;;;;;;;;;;;;;;
;;;;;;;;;;;;;;;;;;;;;;;;;;;;;;;;;;;;;;;;;
;;;;;;;;;;;;;;;;;;;;;;;;;;;;;;;;;;;;;;;;;
;;;;;;;;;;;;;;;;;;;;;;;;;;;;;;;;;;;;;;;;;
;;;;;;;;;;;;;;;;;;;;;;;;;;;;;;;;;;;;;;;;;
;;;;;;;;;;;;;;;;;;;;;;;;;;;;;;;;;;;;;;;;;
;;;;;;;;;;;;;;;;;;;;;;;;;;;;;;;;;;;;;;;;;
;;;;;;;;;;;;;;;;;;;;;;;;;;;;;;;;;;;;;;;;;
;;;;;;;;;;;;;;;;;;;;;;;;;;;;;;;;;;;;;;;;;
;;;;;;;;;;;;;;;;;;;;;;;;;;;;;;;;;;;;;;;;;
;;;;;;;;;;;;;;;;;;;;;;;;;;;;;;;;;;;;;;;;;
;;;;;;;;;;;;;;;;;;;;;;;;;;;;;;;;;;;;;;;;;
;;;;;;;;;;;;;;;;;;;;;;;;;;;;;;;;;;;;;;;;;
;;;;;;;;;;;;;;;;;;;;;;;;;;;;;;;;;;;;;;;;;
;;;;;;;;;;;;;;;;;;;;;;;;;;;;;;;;;;;;;;;;;
;;;;;;;;;;;;;;;;;;;;;;;;;;;;;;;;;;;;;;;;;
;;;;;;;;;;;;;;;;;;;;;;;;;;;;;;;;;;;;;;;;;
;;;;;;;;;;;;;;;;;;;;;;;;;;;;;;;;;;;;;;;;;
;;;;;;;;;;;;;;;;;;;;;;;;;;;;;;;;;;;;;;;;;
;;;;;;;;;;;;;;;;;;;;;;;;;;;;;;;;;;;;;;;;;
;;;;;;;;;;;;;;;;;;;;;;;;;;;;;;;;;;;;;;;;;
;;;;;;;;;;;;;;;;;;;;;;;;;;;;;;;;;;;;;;;;;
;;;;;;;;;;;;;;;;;;;;;;;;;;;;;;;;;;;;;;;;;
;;;;;;;;;;;;;;;;;;;;;;;;;;;;;;;;;;;;;;;;;
;;;;;;;;;;;;;;;;;;;;;;;;;;;;;;;;;;;;;;;;;
;;;;;;;;;;;;;;;;;;;;;;;;;;;;;;;;;;;;;;;;;
;;;;;;;;;;;;;;;;;;;;;;;;;;;;;;;;;;;;;;;;;
;;;;;;;;;;;;;;;;;;;;;;;;;;;;;;;;;;;;;;;;;
;;;;;;;;;;;;;;;;;;;;;;;;;;;;;;;;;;;;;;;;;
;;;;;;;;;;;;;;;;;;;;;;;;;;;;;;;;;;;;;;;;;
;;;;;;;;;;;;;;;;;;;;;;;;;;;;;;;;;;;;;;;;;
;;;;;;;;;;;;;;;;;;;;;;;;;;;;;;;;;;;;;;;;;
;;;;;;;;;;;;;;;;;;;;;;;;;;;;;;;;;;;;;;;;;
;;;;;;;;;;;;;;;;;;;;;;;;;;;;;;;;;;;;;;;;;
;;;;;;;;;;;;;;;;;;;;;;;;;;;;;;;;;;;;;;;;;
;;;;;;;;;;;;;;;;;;;;;;;;;;;;;;;;;;;;;;;;;
;;;;;;;;;;;;;;;;;;;;;;;;;;;;;;;;;;;;;;;;;
;;;;;;;;;;;;;;;;;;;;;;;;;;;;;;;;;;;;;;;;;
;;;;;;;;;;;;;;;;;;;;;;;;;;;;;;;;;;;;;;;;;
;;;;;;;;;;;;;;;;;;;;;;;;;;;;;;;;;;;;;;;;;
;;;;;;;;;;;;;;;;;;;;;;;;;;;;;;;;;;;;;;;;;
;;;;;;;;;;;;;;;;;;;;;;;;;;;;;;;;;;;;;;;;;
;;;;;;;;;;;;;;;;;;;;;;;;;;;;;;;;;;;;;;;;;
;;;;;;;;;;;;;;;;;;;;;;;;;;;;;;;;;;;;;;;;;
;;;;;;;;;;;;;;;;;;;;;;;;;;;;;;;;;;;;;;;;;
;;;;;;;;;;;;;;;;;;;;;;;;;;;;;;;;;;;;;;;;;
;;;;;;;;;;;;;;;;;;;;;;;;;;;;;;;;;;;;;;;;;
