;;;;;;;;;;;;;;;;;;;;;;;;;;;;;;;;;;;;;;;;;;;;;;;;;;;;;;;;;;;;;;;;;;;;;;;;;;;;;;;;;;;;;;;;;;;;;;;;;
;;;;;;;;;;;;;;;;;;;;;;;;;;;;;;;;;;;;;;;;;;;;;;;;;;;;;;;;;;;;;;;;;;;;;;;;;;;;;;;;;;;;;;;;;;;;;;;;;
;;;;;;;;;;;;;;;;;;;;;;;;;;;;;;;;;;;;;;;;;;;;;;;;;;;;;;;;;;;;;;;;;;;;;;;;;;;;;;;;;;;;;;;;;;;;;;;;;
;;;;;;;;;;;;;;;;;;;;;;;;;;;;;;;;;;;;;;;;;;;;;;;;;;;;;;;;;;;;;;;;;;;;;;;;;;;;;;;;;;;;;;;;;;;;;;;;;
;;;;;;;;;;;;;;;;;;;;;;;;;;;;;;;;;;;;;;;;;;;;;;;;;;;;;;;;;;;;;;;;;;;;;;;;;;;;;;;;;;;;;;;;;;;;;;;;;
PROFIT AND LOSS;;;;;;;;;;;;;;;;;;;;;;;;;;;;;;;;;;;;;;;;;;;;;;;;;;;;;;;;;;;;;;;;;;;;;;;;;;;;;;;;;;;;;;;;;;;;;;;;;
Item;;Unit;1Q19;2Q19;3Q19;4Q19;2019;1Q20;2Q20;3Q20;4Q20;2020;1Q21;2Q21;3Q21;4Q21;2021;1Q22;2Q22;3Q22;4Q22;2022;1Q23;2Q23;3Q23;4Q23;2023;;;;;;;;;;;;;;;;;;;;;;;;;;;;;;;;;;;;;;;;;;;;;;;;;;;;;;;;;;;;;;;;;;;;;;
;REVENUES;;;;;;;;;;;;;;;;;;;;;;;;;;;;;;;;;;;;;;;;;;;;;;;;;;;;;;;;;;;;;;;;;;;;;;;;;;;;;;;;;;;;;;;;;;;;;;;;
;Net Passenger Revenue;US$ 000;2.167.982;2.019.675;2.340.297;2.477.675;9.005.629;2.013.702;122.947;121.044;456.081;2.713.774;496.979;455.691;914.582;1.475.129;3.342.381;1.486.239;1.713.385;2.145.387;2.291.419;7.636.430;2.394.352;2.277.553;2.695.572;2.847.672;10.215.148;;;;;;;;;;;;;;;;;;;;;;;;;;;;;;;;;;;;;;;;;;;;;;;;;;;;;;;;;;;;;;;;;;;;;;
;Net Cargo Revenue;US$ 000;263.496;269.261;251.691;279.986;1.064.434;252.389;318.727;283.956;354.821;1.209.893;345.221;370.162;361.437;464.814;1.541.635;430.698;462.829;412.452;420.113;1.726.092;377.290;355.324;328.949;363.829;1.425.393;;;;;;;;;;;;;;;;;;;;;;;;;;;;;;;;;;;;;;;;;;;;;;;;;;;;;;;;;;;;;;;;;;;;;;
;Other;US$ 000;93.790;81.021;73.112;112.941;360.864;86.234;130.210;107.932;86.626;411.002;70.964;62.851;37.602;55.914;227.331;42.094;49.873;29.580;32.739;154.286;33.816;43.186;31.944;39.694;148.641;;;;;;;;;;;;;;;;;;;;;;;;;;;;;;;;;;;;;;;;;;;;;;;;;;;;;;;;;;;;;;;;;;;;;;
;TOTAL OPERATING REVENUES;US$ 000;2.525.268;2.369.957;2.665.100;2.870.602;10.430.927;2.352.325;571.884;512.932;897.528;4.334.669;913.164;888.704;1.313.621;1.995.857;5.111.346;1.959.031;2.226.087;2.587.419;2.744.271;9.516.807;2.805.458;2.676.063;3.056.465;3.251.195;11.789.182;;;;;;;;;;;;;;;;;;;;;;;;;;;;;;;;;;;;;;;;;;;;;;;;;;;;;;;;;;;;;;;;;;;;;;
;;;;;;;;;;;;;;;;;;;;;;;;;;;;;;;;;;;;;;;;;;;;;;;;;;;;;;;;;;;;;;;;;;;;;;;;;;;;;;;;;;;;;;;;;;;;;;;;;
;EXPENSES;;;;;;;;;;;;;;;;;;;;;;;;;;;;;;;;;;;;;;;;;;;;;;;;;;;;;;;;;;;;;;;;;;;;;;;;;;;;;;;;;;;;;;;;;;;;;;;;
;Wages and Benefits;US$ 000;-476.012;-432.241;-446.772;-439.737;-1.794.762;-406.115;-174.051;-196.137;-185.757;-962.060;-234.309;-232.142;-252.445;-323.004;-1.041.900;-284.253;-289.633;-302.163;-390.286;-1.266.335;-359.865;-377.948;-422.545;-422.980;-1.583.337;;;;;;;;;;;;;;;;;;;;;;;;;;;;;;;;;;;;;;;;;;;;;;;;;;;;;;;;;;;;;;;;;;;;;;
;Aircraft fuel;US$ 000;-746.551;-721.356;-717.320;-743.781;-2.929.008;-652.362;-77.134;-109.674;-206.173;-1.045.343;-265.603;-267.474;-392.745;-561.955;-1.487.777;-750.570;-948.908;-1.110.177;-1.072.850;-3.882.505;-1.059.759;-850.523;-948.301;-1.088.637;-3.947.220;;;;;;;;;;;;;;;;;;;;;;;;;;;;;;;;;;;;;;;;;;;;;;;;;;;;;;;;;;;;;;;;;;;;;;
;Commissions to agents;US$ 000;-54.066;-52.707;-59.800;-55.311;-221.884;-56.118;-5.877;-10.137;-19.776;-91.908;-14.954;-15.263;-21.986;-37.005;-89.208;-28.559;-41.951;-46.821;-49.704;-167.035;-49.980;-50.947;-78.352;-64.880;-244.160;;;;;;;;;;;;;;;;;;;;;;;;;;;;;;;;;;;;;;;;;;;;;;;;;;;;;;;;;;;;;;;;;;;;;;
;Depreciation and Amortization;US$ 000;-351.644;-351.729;-375.841;-390.762;-1.469.976;-383.122;-306.832;-300.090;-399.343;-1.389.387;-293.209;-268.801;-290.855;-312.529;-1.165.394;-292.245;-283.459;-303.444;-300.364;-1.179.512;-278.054;-287.405;-316.961;-322.953;-1.205.373;;;;;;;;;;;;;;;;;;;;;;;;;;;;;;;;;;;;;;;;;;;;;;;;;;;;;;;;;;;;;;;;;;;;;;
;Other Rental and Landing Fees;US$ 000;-322.821;-303.404;-310.419;-339.215;-1.275.859;-285.140;-113.577;-128.215;-193.072;-720.004;-166.209;-167.537;-193.898;-227.544;-755.188;-224.445;-255.430;-292.139;-264.145;-1.036.159;-297.345;-318.942;-337.113;-369.396;-1.322.795;;;;;;;;;;;;;;;;;;;;;;;;;;;;;;;;;;;;;;;;;;;;;;;;;;;;;;;;;;;;;;;;;;;;;;
;Passenger Services;US$ 000;-64.246;-64.329;-62.734;-70.021;-261.330;-50.526;-18.006;-12.565;-16.592;-97.689;-15.790;-15.529;-17.184;-28.860;-77.363;-33.354;-36.957;-48.500;-65.545;-184.356;-63.133;-65.402;-64.349;-78.954;-271.838;;;;;;;;;;;;;;;;;;;;;;;;;;;;;;;;;;;;;;;;;;;;;;;;;;;;;;;;;;;;;;;;;;;;;;
;Aircraft Rentals;US$ 000;0;0;0;0;0;0;0;0;0;0;0;-15.045;-43.465;-62.119;-120.629;-69.608;-73.676;-32.853;-26.709;-202.846;-23.732;-23.464;-22.136;-22.544;-91.876;;;;;;;;;;;;;;;;;;;;;;;;;;;;;;;;;;;;;;;;;;;;;;;;;;;;;;;;;;;;;;;;;;;;;;
;Aircraft maintenance;US$ 000;-104.056;-107.955;-104.551;-128.050;-444.612;-93.895;-139.924;-68.297;-170.266;-472.382;-102.455;-103.231;-206.319;-121.734;-533.739;-155.544;-144.741;-138.511;-144.052;-582.848;-137.603;-152.871;-137.577;-173.753;-601.804;;;;;;;;;;;;;;;;;;;;;;;;;;;;;;;;;;;;;;;;;;;;;;;;;;;;;;;;;;;;;;;;;;;;;;
;Other Operating Expenses;US$ 000;-323.750;-296.043;-318.774;-353.328;-1.291.895;-329.105;-431.293;-252.477;-208.309;-1.221.184;-176.368;-161.430;-373.950;-247.677;-959.425;-258.608;-337.320;-249.687;-290.876;-1.136.491;-272.954;-320.047;-355.346;-403.224;-1.351.571;;;;;;;;;;;;;;;;;;;;;;;;;;;;;;;;;;;;;;;;;;;;;;;;;;;;;;;;;;;;;;;;;;;;;;
;TOTAL OPERATING EXPENSES;US$ 000;-2.443.146;-2.329.764;-2.396.211;-2.520.205;-9.689.326;-2.256.383;-1.266.694;-1.077.592;-1.399.288;-5.999.957;-1.268.896;-1.246.452;-1.792.847;-1.922.427;-6.230.622;-2.097.186;-2.412.075;-2.524.295;-2.604.531;-9.638.087;-2.542.425;-2.447.549;-2.682.680;-2.947.321;-10.619.974;;;;;;;;;;;;;;;;;;;;;;;;;;;;;;;;;;;;;;;;;;;;;;;;;;;;;;;;;;;;;;;;;;;;;;
;;;;;;;;;;;;;;;;;;;;;;;;;;;;;;;;;;;;;;;;;;;;;;;;;;;;;;;;;;;;;;;;;;;;;;;;;;;;;;;;;;;;;;;;;;;;;;;;;
;Adjustments for special items (Further details explained in earning releases);;0;0;0;0;0;0;0;0;0;0;0;15.045;43.465;62.119;120.629;69.608;73.676;32.853;80.009;256.146;32.042;42.721;35.346;48.584;158.693;;;;;;;;;;;;;;;;;;;;;;;;;;;;;;;;;;;;;;;;;;;;;;;;;;;;;;;;;;;;;;;;;;;;;;
;;;;;;;;;;;;;;;;;;;;;;;;;;;;;;;;;;;;;;;;;;;;;;;;;;;;;;;;;;;;;;;;;;;;;;;;;;;;;;;;;;;;;;;;;;;;;;;;;
;OPERATING INCOME (LOSS);US$ 000;82.122;40.193;268.889;350.397;741.601;95.942;-694.810;-564.660;-501.760;-1.665.288;-355.732;-357.748;-479.226;73.430;-1.119.276;-138.155;-185.988;63.124;139.740;-121.280;263.033;228.514;373.785;303.874;1.169.208;;;;;;;;;;;;;;;;;;;;;;;;;;;;;;;;;;;;;;;;;;;;;;;;;;;;;;;;;;;;;;;;;;;;;;
;Adj. OPERATING INCOME (LOSS);;82.122;40.193;268.889;350.397;741.601;95.942;-694.810;-564.660;-501.760;-1.665.288;-355.732;-342.703;-435.761;135.549;-998.647;-68.547;-112.312;95.977;219.749;134.866;295.075;271.235;409.131;352.458;1.327.899;;;;;;;;;;;;;;;;;;;;;;;;;;;;;;;;;;;;;;;;;;;;;;;;;;;;;;;;;;;;;;;;;;;;;;
;Adj. Operating Margin;%;3,3%;1,7%;10,1%;12,2%;7,1%;4,1%;-121,5%;-110,1%;-55,9%;-38,4%;-39,0%;-38,6%;-33,2%;6,8%;-19,5%;-3,5%;-5,0%;3,7%;8,0%;1,4%;10,5%;10,1%;13,4%;10,8%;11,3%;;;;;;;;;;;;;;;;;;;;;;;;;;;;;;;;;;;;;;;;;;;;;;;;;;;;;;;;;;;;;;;;;;;;;;
;;;;;;;;;;;;;;;;;;;;;;;;;;;;;;;;;;;;;;;;;;;;;;;;;;;;;;;;;;;;;;;;;;;;;;;;;;;;;;;;;;;;;;;;;;;;;;;;;
;EBITDA;US$ 000;433.766;391.922;644.730;741.159;2.211.577;479.064;-387.978;-264.570;-102.417;-275.901;-62.523;-88.947;-188.371;385.959;46.118;154.090;97.471;366.568;440.104;1.058.232;541.087;515.919;690.746;626.827;2.374.581;;;;;;;;;;;;;;;;;;;;;;;;;;;;;;;;;;;;;;;;;;;;;;;;;;;;;;;;;;;;;;;;;;;;;;
;EBITDA Margin;%;17,2%;16,5%;24,2%;25,8%;21,2%;20,4%;-67,8%;-51,6%;-11,4%;-6,4%;-6,8%;-10,0%;-14,3%;19,3%;0,9%;7,9%;4,4%;14,2%;16,0%;11,1%;19,3%;19,3%;22,6%;19,3%;20,1%;;;;;;;;;;;;;;;;;;;;;;;;;;;;;;;;;;;;;;;;;;;;;;;;;;;;;;;;;;;;;;;;;;;;;;
;;;;;;;;;;;;;;;;;;;;;;;;;;;;;;;;;;;;;;;;;;;;;;;;;;;;;;;;;;;;;;;;;;;;;;;;;;;;;;;;;;;;;;;;;;;;;;;;;
;EBITDAR;US$ 000;433.766;391.922;644.730;741.159;2.211.577;479.064;-387.978;-264.570;-102.417;-275.901;-62.523;-73.902;-144.906;448.078;166.747;223.698;171.147;399.421;466.813;1.261.078;564.819;539.383;712.882;649.371;2.466.457;;;;;;;;;;;;;;;;;;;;;;;;;;;;;;;;;;;;;;;;;;;;;;;;;;;;;;;;;;;;;;;;;;;;;;
;Adj. EBITDAR;;433.766;391.922;644.730;741.159;2.211.577;479.064;-387.978;-264.570;-102.417;-275.901;-62.523;-73.902;-144.906;448.078;166.747;223.698;171.147;399.421;520.113;1.314.378;573.129;558.640;726.092;675.411;2.533.272;;;;;;;;;;;;;;;;;;;;;;;;;;;;;;;;;;;;;;;;;;;;;;;;;;;;;;;;;;;;;;;;;;;;;;
;Adj. EBITDAR Margin;%;17,2%;16,5%;24,2%;25,8%;21,2%;20,4%;-67,8%;-51,6%;-11,4%;-6,4%;-6,8%;-8,3%;-11,0%;22,5%;3,3%;11,4%;7,7%;15,4%;19,0%;13,8%;20,4%;20,9%;23,8%;20,8%;21,5%;;;;;;;;;;;;;;;;;;;;;;;;;;;;;;;;;;;;;;;;;;;;;;;;;;;;;;;;;;;;;;;;;;;;;;
;;;;;;;;;;;;;;;;;;;;;;;;;;;;;;;;;;;;;;;;;;;;;;;;;;;;;;;;;;;;;;;;;;;;;;;;;;;;;;;;;;;;;;;;;;;;;;;;;
;OTHER INCOME ( EXPENSE );;;;;;;;;;;;;;;;;;;;;;;;;;;;;;;;;;;;;;;;;;;;;;;;;;;;;;;;;;;;;;;;;;;;;;;;;;;;;;;;;;;;;;;;;;;;;;;;
;Interest Income;US$ 000;5.891;6.309;4.063;10.020;26.283;7.088;5.953;29.097;8.259;50.397;7.469;4.363;3.019;6.256;21.107;4.563;5.670;24.263;1.017.799;1.052.295;17.922;45.264;32.671;29.499;125.356;;;;;;;;;;;;;;;;;;;;;;;;;;;;;;;;;;;;;;;;;;;;;;;;;;;;;;;;;;;;;;;;;;;;;;
;Interest Expense;US$ 000;-138.446;-141.799;-145.813;-163.876;-589.934;-127.354;-128.795;-114.506;-216.324;-586.979;-193.647;-188.880;-206.130;-216.887;-805.544;-259.399;-206.422;-239.631;-236.952;-942.404;-164.164;-172.613;-173.982;-187.472;-698.231;;;;;;;;;;;;;;;;;;;;;;;;;;;;;;;;;;;;;;;;;;;;;;;;;;;;;;;;;;;;;;;;;;;;;;
;Others Income/(Expense);US$ 000;6.877;28.101;-72.319;1.306;-36.035;-1.896.501;-433.638;-64.833;-508.881;-2.903.853;-108.689;-585.401;-102.807;-1.383.596;-2.180.493;831;-135.573;-223.494;1.715.674;1.357.438;-2.613;45.685;-3.073;-39.838;161;;;;;;;;;;;;;;;;;;;;;;;;;;;;;;;;;;;;;;;;;;;;;;;;;;;;;;;;;;;;;;;;;;;;;;
;TOTAL ;US$ 000;-125.678;-107.389;-214.069;-152.550;-599.686;-2.016.767;-556.480;-150.242;-716.946;-3.440.435;-294.866;-769.918;-305.918;-1.594.227;-2.964.929;-254.005;-336.324;-438.862;2.496.521;1.467.330;-148.855;-81.664;-144.384;-197.811;-572.714;;;;;;;;;;;;;;;;;;;;;;;;;;;;;;;;;;;;;;;;;;;;;;;;;;;;;;;;;;;;;;;;;;;;;;
;;;;;;;;;;;;;;;;;;;;;;;;;;;;;;;;;;;;;;;;;;;;;;;;;;;;;;;;;;;;;;;;;;;;;;;;;;;;;;;;;;;;;;;;;;;;;;;;;
;PROFIT BEFORE TAX AND MINORITY INTEREST;US$ 000;-43.556;-67.196;54.820;197.847;141.915;-1.920.825;-1.251.290;-714.902;-1.218.706;-5.105.723;-650.598;-1.127.666;-785.144;-1.520.797;-4.084.205;-392.160;-522.313;-375.738;2.636.261;1.346.050;114.178;146.850;229.401;106.063;596.492;;;;;;;;;;;;;;;;;;;;;;;;;;;;;;;;;;;;;;;;;;;;;;;;;;;;;;;;;;;;;;;;;;;;;;
;;;;;;;;;;;;;;;;;;;;;;;;;;;;;;;;;;;;;;;;;;;;;;;;;;;;;;;;;;;;;;;;;;;;;;;;;;;;;;;;;;;;;;;;;;;;;;;;;
;Income Tax Expense;US$ 000;-13.041;3.767;32.202;30.770;53.698;-202.676;357.443;141.017;254.404;550.188;216.929;355.389;90.994;-1.232.247;-568.935;10.895;-1.962;79.252;-97.098;-8.914;6.879;-2.792;3.376;-22.405;-8.914;;;;;;;;;;;;;;;;;;;;;;;;;;;;;;;;;;;;;;;;;;;;;;;;;;;;;;;;;;;;;;;;;;;;;;
;;;;;;;;;;;;;;;;;;;;;;;;;;;;;;;;;;;;;;;;;;;;;;;;;;;;;;;;;;;;;;;;;;;;;;;;;;;;;;;;;;;;;;;;;;;;;;;;;
;PROFIT BEFORE MINORITY INTEREST;US$ 000;-56.597;-63.429;87.022;228.617;195.613;-2.123.501;-893.847;-573.885;-964.302;-4.555.535;-433.669;-772.277;-694.150;-2.753.044;-4.653.140;-381.265;-524.275;-296.486;2.539.163;1.337.136;121.057;144.058;232.777;83.658;587.578;;;;;;;;;;;;;;;;;;;;;;;;;;;;;;;;;;;;;;;;;;;;;;;;;;;;;;;;;;;;;;;;;;;;;;
;Attributable  to:;;;;;;;;;;;;;;;;;;;;;;;;;;;;;;;;;;;;;;;;;;;;;;;;;;;;;;;;;;;;;;;;;;;;;;;;;;;;;;;;;;;;;;;;;;;;;;;;
;Shareholders;US$ 000;-60.074;-62.817;86.265;227.057;190.431;-2.120.243;-890.044;-573.123;-962.476;-4.545.886;-430.865;-769.637;-691.873;-2.755.113;-4.647.488;-380.073;-525.352;-297.005;2.538.448;1.336.018;121.801;145.251;231.820;82.960;581.831;;;;;;;;;;;;;;;;;;;;;;;;;;;;;;;;;;;;;;;;;;;;;;;;;;;;;;;;;;;;;;;;;;;;;;
;Minority Interest;US$ 000;3.477;-612;757;1.560;5.182;-3.258;-3.803;-762;-1.826;-9.649;2.804;-2.640;-2.277;2.069;-44;-1.192;-1.077;-519;715;-2.073;-744;-1.193;957;698;-282;;;;;;;;;;;;;;;;;;;;;;;;;;;;;;;;;;;;;;;;;;;;;;;;;;;;;;;;;;;;;;;;;;;;;;
;;;;;;;;;;;;;;;;;;;;;;;;;;;;;;;;;;;;;;;;;;;;;;;;;;;;;;;;;;;;;;;;;;;;;;;;;;;;;;;;;;;;;;;;;;;;;;;;;
;;;;;;;;;;;;;;;;;;;;;;;;;;;;;;;;;;;;;;;;;;;;;;;;;;;;;;;;;;;;;;;;;;;;;;;;;;;;;;;;;;;;;;;;;;;;;;;;;
;PROFIT FOR THE YEAR;US$ 000;-60.074;-62.817;86.265;227.057;190.431;-2.120.243;-890.044;-573.123;-962.476;-4.545.886;-430.865;-769.637;-691.873;-2.755.113;-4.647.488;-380.073;-525.352;-297.005;2.538.448;1.336.018;121.801;145.251;231.820;82.960;581.831;;;;;;;;;;;;;;;;;;;;;;;;;;;;;;;;;;;;;;;;;;;;;;;;;;;;;;;;;;;;;;;;;;;;;;
;Net Margin;%;-2,4%;-2,7%;3,2%;7,9%;1,8%;-90,1%;-155,6%;-111,7%;-107,2%;-104,9%;-47,2%;-86,6%;-52,7%;-138,0%;-90,9%;-19,4%;-23,6%;-11,5%;92,5%;14,0%;4,3%;5,4%;7,6%;2,6%;4,9%;;;;;;;;;;;;;;;;;;;;;;;;;;;;;;;;;;;;;;;;;;;;;;;;;;;;;;;;;;;;;;;;;;;;;;
;;;;;;;;;;;;;;;;;;;;;;;;;;;;;;;;;;;;;;;;;;;;;;;;;;;;;;;;;;;;;;;;;;;;;;;;;;;;;;;;;;;;;;;;;;;;;;;;;
;;;;;;;;;;;;;;;;;;;;;;;;;;;;;;;;;;;;;;;;;;;;;;;;;;;;;;;;;;;;;;;;;;;;;;;;;;;;;;;;;;;;;;;;;;;;;;;;;
;Note:  As announced August 21, 2013, LATAM has identified certain errors in the TAM historical financial statements which occurred in 2012 and prior periods.  The 2012 quarterly consolidated pro forma income statements above have been retroactively revised to correct these errors and to reflect other nominal adjustments, including the final purchase price allocation relating to the merger with TAM.  No adjustment has been made to the 2011 consolidated quarterly pro forma income statements, pending a final determination of the magnitude of the errors in 2011.  ;;;;;;;;;;;;;;;;;;;;;;;;;;;;;;;;;;;;;;;;;;;;;;;;;;;;;;;;;;;;;;;;;;;;;;;;;;;;;;;;;;;;;;;;;;;;;;;;
;The 2012 quarterly consolidated pro forma income statements above have been retroactively revised to correct these errors and to reflect other nominal adjustments, including the final purchase price allocation relating to the combination with TAM. ;;;;;;;;;;;;;;;;;;;;;;;;;;;;;;;;;;;;;;;;;;;;;;;;;;;;;;;;;;;;;;;;;;;;;;;;;;;;;;;;;;;;;;;;;;;;;;;;
; No adjustment has been made to the 2011 consolidated quarterly pro forma income statements, pending a final determination of the magnitude of the errors in 2011.  ;;;;;;;;;;;;;;;;;;;;;;;;;;;;;;;;;;;;;;;;;;;;;;;;;;;;;;;;;;;;;;;;;;;;;;;;;;;;;;;;;;;;;;;;;;;;;;;;
;;;;;;;;;;;;;;;;;;;;;;;;;;;;;;;;;;;;;;;;;;;;;;;;;;;;;;;;;;;;;;;;;;;;;;;;;;;;;;;;;;;;;;;;;;;;;;;;;
;;;;;;;;;;;;;;;;;;;;;;;;;;;;;;;;;;;;;;;;;;;;;;;;;;;;;;;;;;;;;;;;;;;;;;;;;;;;;;;;;;;;;;;;;;;;;;;;;
OPERATING STATISTICS;;;;;;;;;;;;;;;;;;;;;;;;;;;;;;;;;;;;;;;;;;;;;;;;;;;;;;;;;;;;;;;;;;;;;;;;;;;;;;;;;;;;;;;;;;;;;;;;;
Item;;Unit;1Q19;2Q19;3Q19;4Q19;2019;1Q20;2Q20;3Q20;4Q20;2020;1Q21;2Q21;3Q21;4Q21;2021;1Q22;2Q22;3Q22;4Q22;2022;1Q23;2Q23;3Q23;4Q23;2023;;;;;;;;;;;;;;;;;;;;;;;;;;;;;;;;;;;;;;;;;;;;;;;;;;;;;;;;;;;;;;;;;;;;;;
Passenger;;;;;;;;;;;;;;;;;;;;;;;;;;;;;;;;;;;;;;;;;;;;;;;;;;;;;;;;;;;;;;;;;;;;;;;;;;;;;;;;;;;;;;;;;;;;;;;;;
;ASKs;millions;37.989;34.836;37.882;38.405;149.112;35.495;2.190;5.395;12.638;55.718;13.657;10.755;18.823;24.401;67.636;25.913;25.294;30.674;31.971;113.852;32.737;32.477;35.357;36.680;137.251;;;;;;;;;;;;;;;;;;;;;;;;;;;;;;;;;;;;;;;;;;;;;;;;;;;;;;;;;;;;;;;;;;;;;;
;RPKs  ;millions;31.979;29.025;31.683;31.835;124.521;28.763;1.131;3.577;9.153;42.624;8.945;7.384;14.142;19.845;50.317;20.855;20.295;25.426;26.012;92.588;26.530;26.107;30.171;31.199;114.007;;;;;;;;;;;;;;;;;;;;;;;;;;;;;;;;;;;;;;;;;;;;;;;;;;;;;;;;;;;;;;;;;;;;;;
;Load Factor (based on ASKs);%;84,2%;83,3%;83,6%;82,9%;83,5%;81,0%;51,6%;66,3%;72,4%;76,5%;65,5%;68,7%;75,1%;81,3%;74,4%;80,5%;80,2%;82,9%;81,4%;81,3%;81,0%;80,4%;85,3%;85,1%;83,1%;;;;;;;;;;;;;;;;;;;;;;;;;;;;;;;;;;;;;;;;;;;;;;;;;;;;;;;;;;;;;;;;;;;;;;
;Passenger Transported ;thousands;18.174;16.875;19.194;19.946;74.189;17.654;640;2.601;7.404;28.299;7.343;6.420;11.585;14.848;40.195;14.350;13.974;16.989;17.153;62.467;16.954;17.128;19.734;19.734;73.549;;;;;;;;;;;;;;;;;;;;;;;;;;;;;;;;;;;;;;;;;;;;;;;;;;;;;;;;;;;;;;;;;;;;;;
;Fuel Gallons Consumed;millions;322;300;323;327;1.273;286;66;78;147;578;144;128;179;226;677;232;231;270;284;1.017;285;285;306;319;1.195;;;;;;;;;;;;;;;;;;;;;;;;;;;;;;;;;;;;;;;;;;;;;;;;;;;;;;;;;;;;;;;;;;;;;;
;Yield based on RPKs ;US$ cents;6,8;7,0;7,4;7,8;7,2;7,0;10,9;3,4;5,0;6,4;5,6;6,2;6,5;7,4;6,6;7,1;8,4;8,4;8,8;8,2;9,0;8,7;8,9;9,1;9,0;;;;;;;;;;;;;;;;;;;;;;;;;;;;;;;;;;;;;;;;;;;;;;;;;;;;;;;;;;;;;;;;;;;;;;
;Revenues per ASK;US$ cents;5,7;5,8;6,2;6,5;6,0;5,7;5,6;2,2;3,6;4,9;3,6;4,2;4,9;6,0;4,9;5,7;6,8;7,0;7,2;6,8;7,3;7,0;7,6;7,8;7,4;;;;;;;;;;;;;;;;;;;;;;;;;;;;;;;;;;;;;;;;;;;;;;;;;;;;;;;;;;;;;;;;;;;;;;
;;;;;;;;;;;;;;;;;;;;;;;;;;;;;;;;;;;;;;;;;;;;;;;;;;;;;;;;;;;;;;;;;;;;;;;;;;;;;;;;;;;;;;;;;;;;;;;;;
;International ;;;;;;;;;;;;;;;;;;;;;;;;;;;;;;;;;;;;;;;;;;;;;;;;;;;;;;;;;;;;;;;;;;;;;;;;;;;;;;;;;;;;;;;;;;;;;;;;
;ASKs;millions;21.695;19.683;20.321;19.634;81.333;17.986;928;1.393;3.576;23.883;4.090;2.796;5.463;8.112;20.461;10.456;10.681;13.645;14.793;49.575;15.542;15.851;17.629;18.491;67.514;;;;;;;;;;;;;;;;;;;;;;;;;;;;;;;;;;;;;;;;;;;;;;;;;;;;;;;;;;;;;;;;;;;;;;
;RPKs  ;millions;18.458;16.943;17.321;16.344;69.065;14.669;386;633;1.932;17.620;2.085;1.452;3.366;6.597;13.500;8.251;9.108;11.531;12.239;41.129;12.842;13.159;15.356;15.983;57.340;;;;;;;;;;;;;;;;;;;;;;;;;;;;;;;;;;;;;;;;;;;;;;;;;;;;;;;;;;;;;;;;;;;;;;
;Load Factor (based on ASKs);%;85,1%;86,1%;85,2%;83,2%;84,9%;81,6%;41,6%;45,4%;54,0%;73,8%;51,0%;51,9%;61,6%;81,3%;66,0%;78,9%;85,3%;84,5%;82,7%;83,0%;82,6%;83,0%;87,1%;86,4%;84,9%;;;;;;;;;;;;;;;;;;;;;;;;;;;;;;;;;;;;;;;;;;;;;;;;;;;;;;;;;;;;;;;;;;;;;;
;Revenues per ASK;US$ cents;5,6;5,3;6,1;6,0;5,8;5,9;7,5;5,3;5,0;5,8;3,3;4,0;4,1;5,7;4,6;5,4;6,4;6,9;6,9;6,5;7,0;6,7;7,3;7,1;7,0;;;;;;;;;;;;;;;;;;;;;;;;;;;;;;;;;;;;;;;;;;;;;;;;;;;;;;;;;;;;;;;;;;;;;;
;;;;;;;;;;;;;;;;;;;;;;;;;;;;;;;;;;;;;;;;;;;;;;;;;;;;;;;;;;;;;;;;;;;;;;;;;;;;;;;;;;;;;;;;;;;;;;;;;
;Domestic Brazil;;;;;;;;;;;;;;;;;;;;;;;;;;;;;;;;;;;;;;;;;;;;;;;;;;;;;;;;;;;;;;;;;;;;;;;;;;;;;;;;;;;;;;;;;;;;;;;;
;ASKs;millions;9.383;9.115;10.548;11.396;40.442;10.553;890;3.188;6.204;20.834;6.332;4.584;8.296;10.114;29.327;9.451;9.091;11.180;11.169;40.891;11.323;10.723;11.321;11.398;44.766;;;;;;;;;;;;;;;;;;;;;;;;;;;;;;;;;;;;;;;;;;;;;;;;;;;;;;;;;;;;;;;;;;;;;;
;RPKs  ;millions;7.704;7.283;8.662;9.714;33.363;8.559;541;2.395;5.166;16.662;4.547;3.609;6.811;8.490;23.456;7.733;6.785;9.121;8.866;32.505;8.880;8.290;9.481;9.534;36.185;;;;;;;;;;;;;;;;;;;;;;;;;;;;;;;;;;;;;;;;;;;;;;;;;;;;;;;;;;;;;;;;;;;;;;
;Load Factor (based on ASKs);%;82,1%;79,9%;82,1%;85,2%;82,5%;81,1%;60,8%;75,1%;83,3%;80,0%;71,8%;78,7%;82,1%;83,9%;80,0%;81,8%;74,6%;81,6%;79,4%;79,5%;78,4%;77,3%;83,7%;83,6%;80,8%;;;;;;;;;;;;;;;;;;;;;;;;;;;;;;;;;;;;;;;;;;;;;;;;;;;;;;;;;;;;;;;;;;;;;;
;Revenues per ASK;US$ cents;6,2;6,8;7,4;7,1;6,9;6,0;5,0;3,1;4,0;4,9;3,6;4,2;5,0;5,7;4,8;5,8;7,1;7,1;7,1;6,7;7,2;7,1;8,4;9,8;8,2;;;;;;;;;;;;;;;;;;;;;;;;;;;;;;;;;;;;;;;;;;;;;;;;;;;;;;;;;;;;;;;;;;;;;;
;;;;;;;;;;;;;;;;;;;;;;;;;;;;;;;;;;;;;;;;;;;;;;;;;;;;;;;;;;;;;;;;;;;;;;;;;;;;;;;;;;;;;;;;;;;;;;;;;
;SSC;;;;;;;;;;;;;;;;;;;;;;;;;;;;;;;;;;;;;;;;;;;;;;;;;;;;;;;;;;;;;;;;;;;;;;;;;;;;;;;;;;;;;;;;;;;;;;;;
;ASKs;millions;6.910;6.038;7.013;7.376;27.337;6.926;372;814;2.858;10.970;3.234;3.375;5.064;6.174;17.848;6.007;5.521;5.848;6.009;23.385;5.871;5.882;6.407;6.810;24.970;;;;;;;;;;;;;;;;;;;;;;;;;;;;;;;;;;;;;;;;;;;;;;;;;;;;;;;;;;;;;;;;;;;;;;
;RPKs  ;millions;5.816;4.799;5.699;5.778;22.093;5.535;203;549;2.055;8.343;2.313;2.323;3.965;4.758;13.360;4.870;4.402;4.774;4.896;18.943;4.807;4.644;5.334;5.697;20.482;;;;;;;;;;;;;;;;;;;;;;;;;;;;;;;;;;;;;;;;;;;;;;;;;;;;;;;;;;;;;;;;;;;;;;
;Load Factor (based on ASKs);%;84,2%;79,5%;81,3%;78,3%;80,8%;79,9%;54,6%;67,5%;71,9%;76,0%;71,5%;68,8%;78,3%;77,1%;74,9%;81,1%;79,7%;81,6%;81,5%;81,0%;81,9%;79,0%;83,3%;83,7%;82,0%;;;;;;;;;;;;;;;;;;;;;;;;;;;;;;;;;;;;;;;;;;;;;;;;;;;;;;;;;;;;;;;;;;;;;;
;Revenues per ASK;US$ cents;6,5;6,5;6,5;6,6;6,5;6,1;6,9;11,8;4,9;6,3;5,0;4,9;6,3;6,4;5,8;6,6;7,6;8,0;8,2;7,7;8,2;7,5;8,3;8,1;8,0;;;;;;;;;;;;;;;;;;;;;;;;;;;;;;;;;;;;;;;;;;;;;;;;;;;;;;;;;;;;;;;;;;;;;;
;;;;;;;;;;;;;;;;;;;;;;;;;;;;;;;;;;;;;;;;;;;;;;;;;;;;;;;;;;;;;;;;;;;;;;;;;;;;;;;;;;;;;;;;;;;;;;;;;
;;;;;;;;;;;;;;;;;;;;Note (3Q22): Due to IT systems implementation effects, RASK by business unit does not include frequent flyer program contribution.;;;;;;;;;;;;;;;;;;;;;;;;;;;;;;;;;;;;;;;;;;;;;;;;;;;;;;;;;;;;;;;;;;;;;;;;;;;;;
;;;;;;;;;;;;;;;;;;;;;;;;;;;;;;;;;;;;;;;;;;;;;;;;;;;;;;;;;;;;;;;;;;;;;;;;;;;;;;;;;;;;;;;;;;;;;;;;;
Cargo;;;;;;;;;;;;;;;;;;;;;;;;;;;;;;;;;;;;;;;;;;;;;;;;;;;;;;;;;;;;;;;;;;;;;;;;;;;;;;;;;;;;;;;;;;;;;;;;;
;ATKs;millions;1.604;1.521;1.592;1.640;6.357;1.587;919;958;1.245;4.708;1.119;1.096;1.178;1.395;4.788;1.430;1.459;1.624;1.742;6.256;1.703;1.761;1.781;1.925;7.171;;;;;;;;;;;;;;;;;;;;;;;;;;;;;;;;;;;;;;;;;;;;;;;;;;;;;;;;;;;;;;;;;;;;;;
;RTKs;millions;899;849;853;925;3.526;832;716;697;832;3.078;731;745;725;833;3.035;836;847;897;953;3.532;902;889;889;1.024;3.704;;;;;;;;;;;;;;;;;;;;;;;;;;;;;;;;;;;;;;;;;;;;;;;;;;;;;;;;;;;;;;;;;;;;;;
;Load Factor (based on ATKs) ;%;56,0%;55,8%;53,6%;56,4%;55,5%;52,5%;78,0%;72,8%;66,9%;65,4%;65,3%;68,0%;61,6%;59,7%;63,4%;58,4%;58,1%;55,2%;54,7%;56,5%;52,9%;50,5%;49,9%;53,2%;51,7%;;;;;;;;;;;;;;;;;;;;;;;;;;;;;;;;;;;;;;;;;;;;;;;;;;;;;;;;;;;;;;;;;;;;;;
;Tons Transported ;thousands;215;220;225;244;904;226;168;178;244;817;192;199;194;216;802;215;219;227;240;901;229;225;230;261;946;;;;;;;;;;;;;;;;;;;;;;;;;;;;;;;;;;;;;;;;;;;;;;;;;;;;;;;;;;;;;;;;;;;;;;
;Yield based on RTKs ;US$ cents;29,3;31,7;29,5;30,3;30,2;30,3;44,5;40,7;42,6;39,3;47,2;49,7;49,8;55,8;50,8;51,5;54,6;46,0;44,1;48,9;41,8;40,0;37,0;35,5;38,5;;;;;;;;;;;;;;;;;;;;;;;;;;;;;;;;;;;;;;;;;;;;;;;;;;;;;;;;;;;;;;;;;;;;;;
;Revenues per ATK;US$ cents;16,4;17,7;15,8;17,1;16,7;15,9;34,7;29,6;28,5;25,7;30,8;33,8;30,7;33,3;32,2;30,1;31,7;25,4;24,1;27,6;22,2;20,2;18,5;18,9;19,9;;;;;;;;;;;;;;;;;;;;;;;;;;;;;;;;;;;;;;;;;;;;;;;;;;;;;;;;;;;;;;;;;;;;;;
;;;;;;;;;;;;;;;;;;;;;;;;;;;;;;;;;;;;;;;;;;;;;;;;;;;;;;;;;;;;;;;;;;;;;;;;;;;;;;;;;;;;;;;;;;;;;;;;;
;;;;;;;;;;;;;;;;;;;;;;;;;;;;;;;;;;;;;;;;;;;;;;;;;;;;;;;;;;;;;;;;;;;;;;;;;;;;;;;;;;;;;;;;;;;;;;;;;
;;;;;;;;;;;;;;;;;;;;;;;;;;;;;;;;;;;;;;;;;;;;;;;;;;;;;;;;;;;;;;;;;;;;;;;;;;;;;;;;;;;;;;;;;;;;;;;;;
;Cost per ASK;US$ cents;6,4;6,7;6,3;6,6;6,5;6,4;57,8;20,0;11,1;10,8;9,3;11,6;9,5;7,9;9,2;8,1;9,5;8,2;8,1;8,5;7,8;7,5;7,6;8,0;7,7;;;;;;;;;;;;;;;;;;;;;;;;;;;;;;;;;;;;;;;;;;;;;;;;;;;;;;;;;;;;;;;;;;;;;;
;Cost per ASK ex-fuel;US$ cents;4,5;4,6;4,4;4,6;4,5;4,5;54,3;17,9;9,4;8,9;7,3;9,1;7,4;5,6;7,0;5,2;5,8;4,6;4,8;5,1;4,5;4,9;4,9;5,1;4,9;;;;;;;;;;;;;;;;;;;;;;;;;;;;;;;;;;;;;;;;;;;;;;;;;;;;;;;;;;;;;;;;;;;;;;
;Passenger CASK ex-fuel;;;;;;;;;;;;;;;;;;;;4,0;4,3;4,0;4,3;4,3;4,4;4,3;;;;;;;;;;;;;;;;;;;;;;;;;;;;;;;;;;;;;;;;;;;;;;;;;;;;;;;;;;;;;;;;;;;;;;
;;;;;;;;;;;;;;;;;;;;;;;;;;;;;;;;;;;;;;;;;;;;;;;;;;;;;;;;;;;;;;;;;;;;;;;;;;;;;;;;;;;;;;;;;;;;;;;;;
BALANCE SHEET;;;;;;;;;;;;;;;;;;;;;;;;;;;;;;;;;;;;;;;;;;;;;;;;;;;;;;;;;;;;;;;;;;;;;;;;;;;;;;;;;;;;;;;;;;;;;;;;;
Item;;Unit;1Q19;2Q19;3Q19;4Q19;2019;1Q20;2Q20;3Q20;4Q20;2020;1Q21;2Q21;3Q21;4Q21;2021;1Q22;2Q22;3Q22;4Q22;2022;1Q23;2Q23;3Q23;4Q23;2023;;;;;;;;;;;;;;;;;;;;;;;;;;;;;;;;;;;;;;;;;;;;;;;;;;;;;;;;;;;;;;;;;;;;;;
Assets:;;US$ 000;20.225.507;20.329.044;20.294.830;21.087.806;21.087.806;17.480.497;15.761.732;14.962.890;15.650.090;15.650.090;14.881.175;14.834.951;14.438.217;13.312.434;13.312.434;13.959.720;13.757.369;13.622.617;13.211.024;13.211.024;13.439.012;13.638.747;14.286.747;14.667.315;14.667.315;;;;;;;;;;;;;;;;;;;;;;;;;;;;;;;;;;;;;;;;;;;;;;;;;;;;;;;;;;;;;;;;;;;;;;
;Cash, and cash equivalents;US$ 000;1.124.326;1.061.348;947.442;1.072.579;1.072.579;1.510.798;1.334.142;853.468;1.695.841;1.695.841;1.330.432;1.534.966;930.181;1.046.835;1.046.835;1.178.908;1.133.350;897.183;1.216.675;1.216.675;1.415.420;1.525.229;1.629.496;1.714.761;1.714.761;;;;;;;;;;;;;;;;;;;;;;;;;;;;;;;;;;;;;;;;;;;;;;;;;;;;;;;;;;;;;;;;;;;;;;
;Other financial assets;US$ 000;486.401;396.752;535.729;499.504;499.504;263.030;126.067;78.234;50.250;50.250;57.554;66.775;88.181;101.138;101.138;118.123;155.186;158.802;503.515;503.515;502.250;198.767;225.409;174.819;174.819;;;;;;;;;;;;;;;;;;;;;;;;;;;;;;;;;;;;;;;;;;;;;;;;;;;;;;;;;;;;;;;;;;;;;;
;Other non-financial assets;US$ 000;259.085;281.441;255.613;313.449;313.449;247.612;206.001;181.323;155.892;155.892;127.844;134.757;101.299;108.368;108.368;159.046;163.037;172.056;191.364;191.364;172.597;164.165;200.786;185.264;185.264;;;;;;;;;;;;;;;;;;;;;;;;;;;;;;;;;;;;;;;;;;;;;;;;;;;;;;;;;;;;;;;;;;;;;;
;Trade and other accounts receivable;US$ 000;1.125.376;1.208.917;1.381.583;1.244.348;1.244.348;579.912;463.609;433.993;599.381;599.381;459.411;603.382;721.638;902.672;902.672;1.020.882;1.046.228;1.103.707;1.008.109;1.008.109;1.091.327;1.287.604;1.447.872;1.385.910;1.385.910;;;;;;;;;;;;;;;;;;;;;;;;;;;;;;;;;;;;;;;;;;;;;;;;;;;;;;;;;;;;;;;;;;;;;;
;Accounts receivable from related entities;US$ 000;6.549;6.849;12.925;19.645;19.645;20.975;21.691;581;158;158;1.474;609;1.330;724;724;1.666;1.336;557;19.523;19.523;4.944;4.119;1.224;28;28;;;;;;;;;;;;;;;;;;;;;;;;;;;;;;;;;;;;;;;;;;;;;;;;;;;;;;;;;;;;;;;;;;;;;;
;Inventories;US$ 000;301.659;335.913;368.013;354.232;354.232;360.428;356.933;313.930;323.574;323.574;297.409;294.841;274.458;287.337;287.337;338.246;341.554;391.102;477.789;477.789;505.313;531.230;551.980;592.880;592.880;;;;;;;;;;;;;;;;;;;;;;;;;;;;;;;;;;;;;;;;;;;;;;;;;;;;;;;;;;;;;;;;;;;;;;
;Tax assets;US$ 000;64.013;77.421;53.365;29.321;29.321;58.704;61.667;55.584;42.320;42.320;36.863;42.169;40.601;41.264;41.264;51.711;27.972;58.072;33.033;33.033;37.856;51.782;50.554;47.030;47.030;;;;;;;;;;;;;;;;;;;;;;;;;;;;;;;;;;;;;;;;;;;;;;;;;;;;;;;;;;;;;;;;;;;;;;
;Non- current assets and disposal groups held for sale;US$ 000;2.006;51.407;363.413;485.150;485.150;465.642;1.648;1.099;276.122;276.122;230.357;230.377;222.780;146.792;146.792;149.334;143.424;135.670;86.416;86.416;60.508;54.160;73.099;102.670;102.670;;;;;;;;;;;;;;;;;;;;;;;;;;;;;;;;;;;;;;;;;;;;;;;;;;;;;;;;;;;;;;;;;;;;;;
;Total current assets ;US$ 000;3.369.415;3.420.048;3.918.083;4.018.228;4.018.228;3.507.101;2.571.758;1.918.212;3.143.538;3.143.538;2.541.344;2.907.876;2.380.468;2.635.130;2.635.130;3.017.916;3.012.087;2.917.149;3.536.424;3.536.424;3.790.215;3.817.056;4.180.420;4.203.362;4.203.362;;;;;;;;;;;;;;;;;;;;;;;;;;;;;;;;;;;;;;;;;;;;;;;;;;;;;;;;;;;;;;;;;;;;;;
;Property and equipment ;US$ 000;12.565.500;12.580.143;12.359.187;12.919.618;12.919.618;12.599.273;11.826.849;11.594.725;10.730.269;10.730.269;10.423.473;9.539.855;9.618.914;9.489.867;9.489.867;9.576.603;9.478.411;9.454.180;8.411.661;8.411.661;8.354.278;8.466.403;8.745.451;9.091.130;9.091.130;;;;;;;;;;;;;;;;;;;;;;;;;;;;;;;;;;;;;;;;;;;;;;;;;;;;;;;;;;;;;;;;;;;;;;
;Goodwill;US$ 000;2.283.269;2.319.106;2.139.315;2.209.576;2.209.576;0;0;0;0;0;0;0;0;0;0;0;0;0;0;0;0;0;0;0;0;;;;;;;;;;;;;;;;;;;;;;;;;;;;;;;;;;;;;;;;;;;;;;;;;;;;;;;;;;;;;;;;;;;;;;
;Intangible assets other than goodwill;US$ 000;1.434.324;1.456.644;1.355.640;1.448.241;1.448.241;1.134.477;1.008.108;964.575;1.046.559;1.046.559;972.518;1.090.906;1.019.975;1.018.892;1.018.892;1.162.655;1.065.485;1.031.745;1.080.386;1.080.386;1.097.083;1.145.137;1.135.181;1.151.986;1.151.986;;;;;;;;;;;;;;;;;;;;;;;;;;;;;;;;;;;;;;;;;;;;;;;;;;;;;;;;;;;;;;;;;;;;;;
;Other non- current assets ;US$ 000;572.999;553.103;522.605;492.143;492.143;239.646;355.017;485.378;729.724;729.724;943.840;1.296.314;1.418.860;168.545;168.545;202.546;201.386;219.543;182.553;182.553;197.436;210.151;225.695;220.837;220.837;;;;;;;;;;;;;;;;;;;;;;;;;;;;;;;;;;;;;;;;;;;;;;;;;;;;;;;;;;;;;;;;;;;;;;
;Total non- current assets ;US$ 000;16.856.092;16.908.996;16.376.747;17.069.578;17.069.578;13.973.396;13.189.974;13.044.678;12.506.552;12.506.552;12.339.831;11.927.075;12.057.749;10.677.304;10.677.304;10.941.804;10.745.282;10.705.468;9.674.600;9.674.600;9.648.797;9.821.691;10.106.327;10.463.953;10.463.953;;;;;;;;;;;;;;;;;;;;;;;;;;;;;;;;;;;;;;;;;;;;;;;;;;;;;;;;;;;;;;;;;;;;;;
;;;;;;;;;;;;;;;;;;;;;;;;;;;;;;;;;;;;;;;;;;;;;;;;;;;;;;;;;;;;;;;;;;;;;;;;;;;;;;;;;;;;;;;;;;;;;;;;;
Liabilities and shareholders' equity:;;US$ 000;20.225.507;20.329.044;20.294.830;21.087.806;21.087.806;17.480.497;15.761.732;14.962.890;15.650.090;15.650.090;14.881.175;14.834.951;14.438.217;13.312.434;13.312.434;13.959.720;13.757.369;13.622.617;13.211.024;13.211.024;13.439.012;13.638.747;14.286.747;14.667.315;14.667.315;;;;;;;;;;;;;;;;;;;;;;;;;;;;;;;;;;;;;;;;;;;;;;;;;;;;;;;;;;;;;;;;;;;;;;
;Other financial liabilities;US$ 000;1.790.900;2.314.264;2.125.965;1.885.660;1.885.660;2.116.549;2.321.770;2.757.343;3.055.730;3.055.730;3.809.249;5.142.150;4.414.438;4.453.451;4.453.451;4.926.472;5.449.761;5.538.738;802.841;802.841;878.851;538.572;599.954;596.063;596.063;;;;;;;;;;;;;;;;;;;;;;;;;;;;;;;;;;;;;;;;;;;;;;;;;;;;;;;;;;;;;;;;;;;;;;
;Trade and other accounts payables;US$ 000;1.704.729;1.687.751;1.872.513;2.222.874;2.222.874;1.980.570;2.286.185;2.087.043;2.322.125;2.322.125;2.246.359;3.070.138;3.198.390;4.860.153;4.860.153;5.213.745;5.239.238;5.404.606;1.627.992;1.627.992;1.668.567;1.624.534;1.773.097;1.765.279;1.765.279;;;;;;;;;;;;;;;;;;;;;;;;;;;;;;;;;;;;;;;;;;;;;;;;;;;;;;;;;;;;;;;;;;;;;;
;Tax liabilities;US$ 000;3.699;2.199;6.027;11.925;11.925;2.930;2.376;3.351;656;656;1.552;3.469;5.924;675;675;676;3.999;3.637;1.026;1.026;2.794;2.097;1.240;2.371;2.371;;;;;;;;;;;;;;;;;;;;;;;;;;;;;;;;;;;;;;;;;;;;;;;;;;;;;;;;;;;;;;;;;;;;;;
;Other non-financial liabilities;US$ 000;2.301.413;2.442.420;2.588.873;2.840.483;2.840.483;2.201.185;2.030.135;1.945.080;2.113.377;2.113.377;1.950.686;2.772.037;2.948.620;3.022.050;3.022.050;3.191.434;2.822.807;2.918.002;2.656.836;2.656.836;2.640.876;3.063.584;3.172.971;3.324.422;3.324.422;;;;;;;;;;;;;;;;;;;;;;;;;;;;;;;;;;;;;;;;;;;;;;;;;;;;;;;;;;;;;;;;;;;;;;
;Total current liabilities ;US$ 000;5.800.741;6.446.634;6.593.378;6.960.942;6.960.942;6.301.234;6.640.466;6.792.817;7.491.888;7.491.888;8.007.846;10.987.794;10.567.372;12.336.329;12.336.329;13.332.327;13.515.805;13.864.983;5.088.695;5.088.695;5.191.088;5.228.787;5.547.262;5.688.135;5.688.135;;;;;;;;;;;;;;;;;;;;;;;;;;;;;;;;;;;;;;;;;;;;;;;;;;;;;;;;;;;;;;;;;;;;;;
;Other financial liabilities;US$ 000;8.790.470;8.341.443;8.432.493;8.530.418;8.530.418;8.712.172;7.610.059;7.239.309;7.803.801;7.803.801;7.010.493;5.244.105;5.835.391;5.948.702;5.948.702;6.068.693;6.203.056;6.123.626;5.979.039;5.979.039;5.861.063;5.863.419;6.075.138;6.341.669;6.341.669;;;;;;;;;;;;;;;;;;;;;;;;;;;;;;;;;;;;;;;;;;;;;;;;;;;;;;;;;;;;;;;;;;;;;;
;Accounts payable;US$ 000;462.785;526.634;600.569;619.110;619.110;639.223;619.030;637.987;651.600;651.600;683.659;672.924;672.029;472.426;472.426;373.228;266.142;239.881;326.284;326.284;317.314;385.987;395.557;418.587;418.587;;;;;;;;;;;;;;;;;;;;;;;;;;;;;;;;;;;;;;;;;;;;;;;;;;;;;;;;;;;;;;;;;;;;;;
;Accounts payable to related entities;;;;;;;;;;;;422.470;0;0;0;0;0;0;0;0;0;0;0;0;0;0;;;;;;;;;;;;;;;;;;;;;;;;;;;;;;;;;;;;;;;;;;;;;;;;;;;;;;;;;;;;;;;;;;;;;;
;Other provisions;US$ 000;312.641;307.386;288.370;286.403;286.403;289.474;;;396.423;396.423;552.545;549.568;714.772;712.581;712.581;821.947;853.710;804.254;927.964;927.964;928.602;971.760;959.244;926.736;926.736;;;;;;;;;;;;;;;;;;;;;;;;;;;;;;;;;;;;;;;;;;;;;;;;;;;;;;;;;;;;;;;;;;;;;;
;Deferred tax liabilities;US$ 000;778.951;772.884;705.674;616.803;616.803;577.031;460.091;506.636;588.359;588.359;356.523;377.355;356.982;341.011;341.011;384.835;348.049;335.275;344.625;344.625;358.276;372.598;360.962;382.359;382.359;;;;;;;;;;;;;;;;;;;;;;;;;;;;;;;;;;;;;;;;;;;;;;;;;;;;;;;;;;;;;;;;;;;;;;
;Employee benefits;US$ 000;89.416;91.099;95.194;93.570;93.570;82.090;392.872;371.664;384.280;384.280;68.074;61.892;55.399;56.233;56.233;64.427;56.839;56.862;93.488;93.488;104.795;128.495;123.766;122.618;122.618;;;;;;;;;;;;;;;;;;;;;;;;;;;;;;;;;;;;;;;;;;;;;;;;;;;;;;;;;;;;;;;;;;;;;;
;Other non-financial liabilities;US$ 000;628.236;792.518;738.450;851.383;851.383;798.266;86.515;73.599;74.116;74.116;654.749;601.914;561.661;512.056;512.056;474.328;505.428;461.111;420.208;420.208;488.556;441.374;395.020;348.936;348.936;;;;;;;;;;;;;;;;;;;;;;;;;;;;;;;;;;;;;;;;;;;;;;;;;;;;;;;;;;;;;;;;;;;;;;
;Total non-current liabilities;US$ 000;11.062.499;10.831.964;10.860.750;10.997.687;10.997.687;11.098.256;856.417;818.291;702.008;10.600.587;9.748.513;7.507.758;8.196.234;8.043.009;8.043.009;8.187.458;8.233.224;8.021.009;8.091.608;8.091.608;8.058.606;8.163.633;8.309.687;8.540.905;8.540.905;;;;;;;;;;;;;;;;;;;;;;;;;;;;;;;;;;;;;;;;;;;;;;;;;;;;;;;;;;;;;;;;;;;;;;
;Total liabilities;US$ 000;16.863.240;17.278.598;17.454.128;17.958.629;17.958.629;17.399.490;10.024.984;9.647.486;10.600.587;18.092.475;17.756.359;18.495.552;18.763.606;20.379.338;20.379.338;21.519.785;21.749.029;21.885.992;13.180.303;13.180.303;13.249.694;13.392.420;13.856.949;14.229.040;14.229.040;;;;;;;;;;;;;;;;;;;;;;;;;;;;;;;;;;;;;;;;;;;;;;;;;;;;;;;;;;;;;;;;;;;;;;
;;;;;;;;;;;;;;;;;;;;;;;;;;;;;;;;;;;;;;;;;;;;;;;;;;;;;;;;;;;;;;;;;;;;;;;;;;;;;;;;;;;;;;;;;;;;;;;;;
;Share capital;US$ 000;3.146.265;3.146.265;3.146.265;3.146.265;3.146.265;3.146.265;3.146.265;3.146.265;3.146.265;3.146.265;3.146.265;3.146.265;3.146.265;3.146.265;3.146.265;3.146.265;3.146.265;3.146.265;13.298.486;13.298.486;13.303.412;5.003.534;5.003.534;5.003.534;5.003.534;;;;;;;;;;;;;;;;;;;;;;;;;;;;;;;;;;;;;;;;;;;;;;;;;;;;;;;;;;;;;;;;;;;;;;
;Retained earnings;US$ 000;158.897;96.080;182.345;352.272;352.272;-1.767.971;-2.658.015;-3.231.138;-4.193.615;-4.193.615;-4.624.482;-5.394.119;-6.085.992;-8.841.106;-8.841.106;-9.221.179;-9.744.377;-10.040.345;-7.501.896;-7.501.896;-7.322.966;244.065;406.339;464.411;464.411;;;;;;;;;;;;;;;;;;;;;;;;;;;;;;;;;;;;;;;;;;;;;;;;;;;;;;;;;;;;;;;;;;;;;;
;Treasury Shares;US$ 000;-178;-178;-178;-178;-178;-178;-178;-178;-178;-178;-178;-178;-178;-178;-178;-178;-178;-178;-178;-178;-178;0;0;0;0;;;;;;;;;;;;;;;;;;;;;;;;;;;;;;;;;;;;;;;;;;;;;;;;;;;;;;;;;;;;;;;;;;;;;;
;Other equity;;0;0;0;0;0;0;0;0;0;0;0;0;0;0;0;0;0;0;39;39;39;39;39;39;39;;;;;;;;;;;;;;;;;;;;;;;;;;;;;;;;;;;;;;;;;;;;;;;;;;;;;;;;;;;;;;;;;;;;;;
;Other reserves;US$ 000;-36.890;-211.531;-482.509;-367.577;-367.577;-1.295.716;-1.387.267;-1.387.153;-1.388.185;-1.388.185;-1.388.131;-1.402.095;-1.371.612;-1.361.529;-1.361.529;-1.477.059;-1.385.110;-1.355.740;-5.754.173;-5.754.173;-5.778.450;-4.987.842;-4.972.483;-5.017.682;-5.017.682;;;;;;;;;;;;;;;;;;;;;;;;;;;;;;;;;;;;;;;;;;;;;;;;;;;;;;;;;;;;;;;;;;;;;;
;Equity attributable to the parent company’s equity holders;US$ 000;3.268.094;3.030.636;2.845.923;3.130.782;3.130.782;82.400;-899.195;-1.472.204;-2.435.713;-2.435.713;-2.866.526;-3.650.127;-4.311.517;-7.056.548;-7.056.548;-7.552.151;-7.983.400;-8.249.998;42.278;42.278;201.857;260;437.429;450.302;450.302;;;;;;;;;;;;;;;;;;;;;;;;;;;;;;;;;;;;;;;;;;;;;;;;;;;;;;;;;;;;;;;;;;;;;;
;Minority interest ;US$ 000;94.173;19.810;(5.221);(1.605);(1.605);(1.393);(4.523);(5.209);(6.673);(6.673);(8.658);(10.474);(13.872);(10.356);(10.356);(7.914);(8.260);(13.377);(11.557);(11.557);(12.539);(13.469);(7.631);(12.027);(12.027);;;;;;;;;;;;;;;;;;;;;;;;;;;;;;;;;;;;;;;;;;;;;;;;;;;;;;;;;;;;;;;;;;;;;;
;Total net equity;US$ 000;3.362.267;3.050.446;2.840.702;3.129.177;3.129.177;81.007;-903.718;-1.477.413;-2.442.386;-2.442.385;-2.875.184;-3.660.601;-4.325.389;-7.066.904;-7.066.904;-7.560.065;-7.991.660;-8.263.375;30.721;30.721;189.318;246;429.798;438.275;438.275;;;;;;;;;;;;;;;;;;;;;;;;;;;;;;;;;;;;;;;;;;;;;;;;;;;;;;;;;;;;;;;;;;;;;;
;;;;;;;;;;;;15.650.090;14.881.175;14.834.951;14.438.217;13.312.434;13.312.434;;;;;;;;;;;;;;;;;;;;;;;;;;;;;;;;;;;;;;;;;;;;;;;;;;;;;;;;;;;;;;;;;;;;;;;;;;;;;;;;
;;;;;;;;;;;;15.650.090;14.881.175;14.834.951;14.438.217;13.312.434;13.312.434;;;;;;;;;;;;;;;;;;;;;;;;;;;;;;;;;;;;;;;;;;;;;;;;;;;;;;;;;;;;;;;;;;;;;;;;;;;;;;;;
CASH FLOW;;;;;;;;;;;;;;;;;;;;;;;;;;;;;;;;;;;;;;;;;;;;;;;;;;;;;;;;;;;;;;;;;;;;;;;;;;;;;;;;;;;;;;;;;;;;;;;;;
Item;;Unit;1Q19;2Q19;3Q19;4Q19;2019;1Q20;2Q20;3Q20;4Q20;2020;1Q21;2Q21;3Q21;4Q21;2021;1Q22;2Q22;3Q22;4Q22;2022;1Q23;2Q23;3Q23;4Q23;2023;;;;;;;;;;;;;;;;;;;;;;;;;;;;;;;;;;;;;;;;;;;;;;;;;;;;;;;;;;;;;;;;;;;;;;
Cash flow from operating activities;;;;;;;;;;;;;;;;;;;;;;;;;;;;;;;;;;;;;;;;;;;;;;;;;;;;;;;;;;;;;;;;;;;;;;;;;;;;;;;;;;;;;;;;;;;;;;;;;
;Cash collections from operating activities;;;;;;;;;;;;;;;;;;;;;;;;;;;;;;;;;;;;;;;;;;;;;;;;;;;;;;;;;;;;;;;;;;;;;;;;;;;;;;;;;;;;;;;;;;;;;;;;
;Proceeds from sales of goods and services;US$ 000;2.536.205;5.666.473;8.230.559;;11.079.333;2.418.328;3.174.663;3.760.409;;4.620.409;914.899;1.893.716;3.298.821;;5.359.778;2.011.561;4.700.096;7.536.252;;10.549.542;3.062.687;6.288.152;9.721.455;;13.397.385;;;;;;;;;;;;;;;;;;;;;;;;;;;;;;;;;;;;;;;;;;;;;;;;;;;;;;;;;;;;;;;;;;;;;;
;Other cash receipts from operating activities;US$ 000;27.027;52.441;64.919;;127.683;25.492;37.038;41.646;;51.900;16.517;30.664;41.962;;52.084;20.936;47.069;81.742;;117.118;42.779;84.953;117.382;;169.692;;;;;;;;;;;;;;;;;;;;;;;;;;;;;;;;;;;;;;;;;;;;;;;;;;;;;;;;;;;;;;;;;;;;;;
;;;;;;;;;;;;;;;;;;;;;;;;;;;;;;;;;;;;;;;;;;;;;;;;;;;;;;;;;;;;;;;;;;;;;;;;;;;;;;;;;;;;;;;;;;;;;;;;;
;Payments for operating activities;;;;;;;;;;;;;;;;;;;;;;;;;;;;;;;;;;;;;;;;;;;;;;;;;;;;;;;;;;;;;;;;;;;;;;;;;;;;;;;;;;;;;;;;;;;;;;;;
;Payments to suppliers for goods and services;US$ 000;-1.739.695;-3.686.587;-5.096.491;;-6.663.875;-1.702.826;-2.375.684;-3.054.762;;-3.817.339;-817.439;-1.713.747;-2.828.225;;-4.401.485;-1.646.167;-3.799.969;-6.109.188;;-9.113.130;-2.198.954;-4.558.603;-7.067.817;;-9.689.508;;;;;;;;;;;;;;;;;;;;;;;;;;;;;;;;;;;;;;;;;;;;;;;;;;;;;;;;;;;;;;;;;;;;;;
;Payments to and on behalf of employees;US$ 000;-504.940;-974.992;-1.424.201;;-1.644.806;-385.300;-600.760;-985.281;;-1.227.010;-249.125;-477.191;-695.008;;-941.068;-286.876;-519.223;-753.567;;-1.039.336;-363.929;-681.849;-957.947;;-1.304.696;;;;;;;;;;;;;;;;;;;;;;;;;;;;;;;;;;;;;;;;;;;;;;;;;;;;;;;;;;;;;;;;;;;;;;
;Other payments for operating activities;US$ 000;-51.345;-152.217;-210.046;;-267.643;-38.866;-45.569;-56.367;;-70.558;-31.634;-47.158;-81.266;;-156.395;-74.758;-132.406;-202.525;;-272.823;-64.261;-118.672;-198.128;;-270.580;;;;;;;;;;;;;;;;;;;;;;;;;;;;;;;;;;;;;;;;;;;;;;;;;;;;;;;;;;;;;;;;;;;;;;
;Income Taxes refunded (paid);US$ 000;-12.719;-29.750;-32.566;;-45.311;-49.056;-55.164;-55.206;;-65.692;-16.890;-30.402;-46.404;;-9.437;-4.777;-8.411;-12.344;;-14.314;-5.653;-11.527;-15.451;;-18.379;;;;;;;;;;;;;;;;;;;;;;;;;;;;;;;;;;;;;;;;;;;;;;;;;;;;;;;;;;;;;;;;;;;;;;
;Other cash inflows (outflows);US$ 000;-27.988;-26.071;117.423;;241.286;-86.436;38.876;22.282;;13.593;-15.636;-23.358;-49.657;;-87.576;-23.816;-56.282;-83.289;;-130.260;-30.734;-32.584;-41.231;;-20.346;;;;;;;;;;;;;;;;;;;;;;;;;;;;;;;;;;;;;;;;;;;;;;;;;;;;;;;;;;;;;;;;;;;;;;
;;;;;;;;;;;;;;;;;;;;;;;;;;;;;;;;;;;;;;;;;;;;;;;;;;;;;;;;;;;;;;;;;;;;;;;;;;;;;;;;;;;;;;;;;;;;;;;;;
;Net cash flows from operating activities;US$ 000;226.545;849.297;1.649.597;;2.826.667;181.336;173.400;-327.279;;-494.697;-199.308;-367.476;-359.777;;-184.099;-3.897;230.874;457.081;;96.797;441.935;969.870;1.558.263;;2.263.568;;;;;;;;;;;;;;;;;;;;;;;;;;;;;;;;;;;;;;;;;;;;;;;;;;;;;;;;;;;;;;;;;;;;;;
;;;;;;;;;;;;;;;;;;;;;;;;;;;;;;;;;;;;;;;;;;;;;;;;;;;;;;;;;;;;;;;;;;;;;;;;;;;;;;;;;;;;;;;;;;;;;;;;;
Cash flow used in investing activities;;;;;;;;;;;;;;;;;;;;;;;;;;;;;;;;;;;;;;;;;;;;;;;;;;;;;;;;;;;;;;;;;;;;;;;;;;;;;;;;;;;;;;;;;;;;;;;;;
;Cash flows arising from losing control of subsidiaries or other businesses;;;;0;;0;;;;;;;;;;752;;;;;;;;;;;;;;;;;;;;;;;;;;;;;;;;;;;;;;;;;;;;;;;;;;;;;;;;;;;;;;;;;;;;;;;;;;;;;;;;
;Cash flows used to gain control of subsidiaries or other businesses;;;-6;-5;;;;;;;;;;;;;;;;;;;;;;;;;;;;;;;;;;;;;;;;;;;;;;;;;;;;;;;;;;;;;;;;;;;;;;;;;;;;;;;;;;;;;;;;;;;;
;Cash flows used in the purchase of non-controlling interest;;;-289.582;-294.105;;-294.105;;;;;;;;;;;;;;;;;;;;;;;;;;;;;;;;;;;;;;;;;;;;;;;;;;;;;;;;;;;;;;;;;;;;;;;;;;;;;;;;;;;;;;;;;;
;Cash flows utilized to obtain control of subsidiaries or other entities;US$ 000;;;;;;;;;;;;;;;;;;;;;;;;;;;;;;;;;;;;;;;;;;;;;;;;;;;;;;;;;;;;;;;;;;;;;;;;;;;;;;;;;;;;;;;;;;;;;;;
;Cash flow used for acquisition of non controlling shares;US$ 000;;;;;;;;;;;;;;;;;;;;;;;;;;;;;;;;;;;;;;;;;;;;;;;;;;;;;;;;;;;;;;;;;;;;;;;;;;;;;;;;;;;;;;;;;;;;;;;
;Other cash receipts from  sales of equity or debt instruments of other entities;US$ 000;728.847;2.057.987;3.066.595;;4.063.582;856.363;;1.375.338;;1.464.012;0;0;21;;35;290;417;417;;417;0;0;0;;0;;;;;;;;;;;;;;;;;;;;;;;;;;;;;;;;;;;;;;;;;;;;;;;;;;;;;;;;;;;;;;;;;;;;;;
;Other payments to acquire equity or debt instruments of other entities;US$ 000;-824.446;-2.043.453;-3.211.312;;-4.131.890;-682.397;1.195.266;-1.084.704;;-1.140.940;-82;-198;-205;;-208;-314;-331;-331;;-331;0;0;0;;0;;;;;;;;;;;;;;;;;;;;;;;;;;;;;;;;;;;;;;;;;;;;;;;;;;;;;;;;;;;;;;;;;;;;;;
;Amounts raised from sale of property, plant and equipment;US$ 000;274;28.702;47.896;;50.322;64.941;-961.050;;;75.566;0;0;42.000;;105.000;0;18.825;18.825;;56.377;42.349;46.524;46.524;;46.524;;;;;;;;;;;;;;;;;;;;;;;;;;;;;;;;;;;;;;;;;;;;;;;;;;;;;;;;;;;;;;;;;;;;;;
;Purchases of property, plant and equipment;US$ 000;-181.826;-406.557;-588.170;;-1.276.621;-134.730;64.941;75.566;;-324.264;-25.296;-83.708;-356.050;;-587.245;-88.890;-212.550;-462.127;;-780.538;-97.886;-263.739;-429.271;;-795.787;;;;;;;;;;;;;;;;;;;;;;;;;;;;;;;;;;;;;;;;;;;;;;;;;;;;;;;;;;;;;;;;;;;;;;
;Amounts raised from sale of intangible assets;US$ 000;;;;;;;;;;;;;;;;;;;;;;;;;;;;;;;;;;;;;;;;;;;;;;;;;;;;;;;;;;;;;;;;;;;;;;;;;;;;;;;;;;;;;;;;;;;;;;;
;Purchases of intangible assets;US$ 000;-18.504;-41.084;-62.842;;-140.173;-13.956;-209.515;-264.354;;-75.433;-9.044;-24.940;-64.797;;-88.518;-8.505;-26.680;-34.565;;-50.116;-13.593;-22.462;-57.450;;-68.052;;;;;;;;;;;;;;;;;;;;;;;;;;;;;;;;;;;;;;;;;;;;;;;;;;;;;;;;;;;;;;;;;;;;;;
;Cash advances and loans granted to third parties;;;-37.000;-47.936;;;;-39.064;-48.308;;;;;;;;;;;;;;;;;;;;;;;;;;;;;;;;;;;;;;;;;;;;;;;;;;;;;;;;;;;;;;;;;;;;;;;;;;;;;;;;;;;;;;;
;Payment from other long-term assets;US$ 000;;;;;;;;;;;;;;;;;;;;;;;;;;;;;;;;;;;;;;;;;;;;;;;;;;;;;;;;;;;;;;;;;;;;;;;;;;;;;;;;;;;;;;;;;;;;;;;
;Interest Received;US$ 000;7.730;10.316;14.043;;17.822;3.251;6.132;34.344;;36.859;5.378;6.471;7.807;;9.056;173;351;10.080;;18.934;23.273;37.772;63.927;;98.552;;;;;;;;;;;;;;;;;;;;;;;;;;;;;;;;;;;;;;;;;;;;;;;;;;;;;;;;;;;;;;;;;;;;;;
;Dividends received;US$ 000;;;;;;;;;;;;;;;;;;;;;;;;;;;;;;;;;;;;;;;;;;;;;;;;;;;;;;;;;;;;;;;;;;;;;;;;;;;;;;;;;;;;;;;;;;;;;;;
;Other cash inflows (outflows);US$ 000;-597;-1.251;-1.921;;-2.249;-1.275;-1.986;-2.192;;-2.192;-83;-425;18.475;;18.475;0;6.300;6.300;;6.300;20.111;31.111;38.278;;59.258;;;;;;;;;;;;;;;;;;;;;;;;;;;;;;;;;;;;;;;;;;;;;;;;;;;;;;;;;;;;;;;;;;;;;;
;;;;;;;;;;;;;;;;;;;;;;;;;;;;;;;;;;;;;;;;;;;;;;;;;;;;;;;;;;;;;;;;;;;;;;;;;;;;;;;;;;;;;;;;;;;;;;;;;
;Net cash flows used in investing activities;;-288.522;-721.928;-1.077.757;;-1.713.312;92.197;54.724;85.690;;33.608;-29.127;-102.800;-352.749;;-542.653;-97.246;-213.668;-461.401;;-748.957;-25.746;-170.794;-337.992;;-659.505;;;;;;;;;;;;;;;;;;;;;;;;;;;;;;;;;;;;;;;;;;;;;;;;;;;;;;;;;;;;;;;;;;;;;;
;;;;;;;;;;;;;;;;;;;;;;;;;;;;;;;;;;;;;;;;;;;;;;;;;;;;;;;;;;;;;;;;;;;;;;;;;;;;;;;;;;;;;;;;;;;;;;;;;
Cash flow from (used in) financing activities;;;;;;;;;;;;;;;;;;;;;;;;;;;;;;;;;;;;;;;;;;;;;;;;;;;;;;;;;;;;;;;;;;;;;;;;;;;;;;;;;;;;;;;;;;;;;;;;;
;Amounts raised from issuance of shares;US$ 000;;;;;;;;;;;;;;;;;;;;549.038;;0;0;;0;;;;;;;;;;;;;;;;;;;;;;;;;;;;;;;;;;;;;;;;;;;;;;;;;;;;;;;;;;;;;;;;;;;;;;
;Payments to acquire or redeem shares of the entity;US$ 000;;;;;;;;;;;;;;;;;;;;;;;;;0;;;;;;;;;;;;;;;;;;;;;;;;;;;;;;;;;;;;;;;;;;;;;;;;;;;;;;;;;;;;;;;;;;;;;;
;Payments for changes in ownership interests in subsidiaries that do not result in loss of control;;-289.588;;;;-294.105;;-3.225;-3.225;;-3.225;;;;;;;;;;;;;;;;;;;;;;;;;;;;;;;;;;;;;;;;;;;;;;;;;;;;;;;;;;;;;;;;;;;;;;;;;;;;;;;;;;;;;
;Amounts from issuance of other equity instruments;;;;;;;;;;;;;;;;;;;;;$3.202.790;0;0;0;;$—;;;;;;;;;;;;;;;;;;;;;;;;;;;;;;;;;;;;;;;;;;;;;;;;;;;;;;;;;;;;;;;;;;;;;;
;Amounts raised from long-term loans;US$ 000;594.354;1.038.473;1.349.970;;1.781.728;596.131;689.809;689.809;;1.425.184;0;0;0;;0;0;;;;2.361.875;0;0;0;;0;;;;;;;;;;;;;;;;;;;;;;;;;;;;;;;;;;;;;;;;;;;;;;;;;;;;;;;;;;;;;;;;;;;;;;
;Amounts raised from short-term loans;US$ 000;0;50.000;64.000;;93.000;254.668;560.296;560.296;;560.296;0;369.898;370.465;;661.609;277.758;2.779.476;2.779.476;;4.856.025;0;0;0;;0;;;;;;;;;;;;;;;;;;;;;;;;;;;;;;;;;;;;;;;;;;;;;;;;;;;;;;;;;;;;;;;;;;;;;;
;Loans from related entities;;;;;;;;;;;373.125;0;130.102;130.102;;130.102;22.242;234.363;234.363;;770.522;0;0;0;;0;;;;;;;;;;;;;;;;;;;;;;;;;;;;;;;;;;;;;;;;;;;;;;;;;;;;;;;;;;;;;;;;;;;;;;
;Loans repayment;US$ 000;-306.081;-617.926;-1.137.847;;-1.860.455;-392.555;-773.100;-786.354;;-793.712;-18.241;-30.383;-345.983;;-463.048;-60.698;-1.870.614;-1.951.178;;-8.759.413;-82.363;-159.981;-284.470;;-342.005;;;;;;;;;;;;;;;;;;;;;;;;;;;;;;;;;;;;;;;;;;;;;;;;;;;;;;;;;;;;;;;;;;;;;;
;Payments of finance lease liabilities;US$ 000;-94.136;-190.567;-292.082;;-398.992;-109.524;-106.461;-113.741;;-122.062;-61.956;-88.958;-97.438;;-103.366;-6.002;-10.718;-76.336;;-131.917;-56.687;-96.105;-159.952;;-225.358;;;;;;;;;;;;;;;;;;;;;;;;;;;;;;;;;;;;;;;;;;;;;;;;;;;;;;;;;;;;;;;;;;;;;;
;Payments of loans to related entities;;;;;;;;;;;;;;;;;;-728.903;-728.903;;-1.008.483;0;0;0;;0;;;;;;;;;;;;;;;;;;;;;;;;;;;;;;;;;;;;;;;;;;;;;;;;;;;;;;;;;;;;;;;;;;;;;;
;Dividends paid;US$ 000;0;-55.116;-55.116;;-55.116;-571;-571;-571;;-571;0;0;0;;0;0;0;0;;0;0;0;0;;0;;;;;;;;;;;;;;;;;;;;;;;;;;;;;;;;;;;;;;;;;;;;;;;;;;;;;;;;;;;;;;;;;;;;;;
;Interest paid;US$ 000;-100.919;-255.892;-397.206;;-550.877;-121.864;-164.377;-175.585;;-210.418;-41.187;-64.428;-85.901;;-104.621;-18.078;-243.511;-293.554;;-521.716;-84.298;-273.366;-383.169;;-594.234;;;;;;;;;;;;;;;;;;;;;;;;;;;;;;;;;;;;;;;;;;;;;;;;;;;;;;;;;;;;;;;;;;;;;;
;Other cash inflows (outflows);US$ 000;27.246;-57.827;-58.341;;-58.704;-1.727;-107.787;-107.788;;-107.788;-3.415;-3.803;-6.481;;-11.034;-433;-70.021;-70.048;;-463.766;-2.946;-4.133;-4.529;;11.405;;;;;;;;;;;;;;;;;;;;;;;;;;;;;;;;;;;;;;;;;;;;;;;;;;;;;;;;;;;;;;;;;;;;;;
;;;;;;;;;;;;;;;;;;;;;;;;;;;;;;;;;;;;;;;;;;;;;;;;;;;;;;;;;;;;;;;;;;;;;;;;;;;;;;;;;;;;;;;;;;;;;;;;;
;Net cash flows from (used in) financing activities;US$ 000;-169.124;-88.855;-526.622;;-1.343.521;224.558;94.584;62.841;;1.120.829;-124.799;312.428;-35.236;;109.642;214.789;90.072;-106.180;;854.955;-226.294;-533.585;-832.120;;-1.150.192;;;;;;;;;;;;;;;;;;;;;;;;;;;;;;;;;;;;;;;;;;;;;;;;;;;;;;;;;;;;;;;;;;;;;;
;;;;;;;;;;;;;;;;;;;;;;;;;;;;;;;;;;;;;;;;;;;;;;;;;;;;;;;;;;;;;;;;;;;;;;;;;;;;;;;;;;;;;;;;;;;;;;;;;
;Net increase (decrease) in cash and cash equivalents before effect of exchange rate changes ;US$ 000;-231.101;38.514;45.218;;63.939;498.091;322.708;-178.748;;659.740;-353.234;-157.848;-747.762;;-617.110;113.646;107.278;-110.500;;202.795;189.895;265.468;388.128;;453.848;;;;;;;;;;;;;;;;;;;;;;;;;;;;;;;;;;;;;;;;;;;;;;;;;;;;;;;;;;;;;;;;;;;;;;
;Effects of variations in the exchange rate on cash and equivalents;US$ 000;-15.803;-58.808;-179.418;;-73.002;-59.872;-61.145;-40.363;;-36.478;-12.175;-3.027;-17.898;;-31.896;18.427;-20.763;-39.152;;-32.955;8.850;43.086;24.693;;44.238;;;;;;;;;;;;;;;;;;;;;;;;;;;;;;;;;;;;;;;;;;;;;;;;;;;;;;;;;;;;;;;;;;;;;;
;Net increase (decrease) in cash and cash equivalents;US$ 000;-246.904;-20.294;-134.200;;-9.063;438.219;261.563;-219.111;;623.262;-365.409;-160.875;-765.660;;-649.006;132.073;86.515;-149.652;;169.840;198.745;308.554;412.821;;498.086;;;;;;;;;;;;;;;;;;;;;;;;;;;;;;;;;;;;;;;;;;;;;;;;;;;;;;;;;;;;;;;;;;;;;;
;;;;;;;;;;;;;;;;;;;;;;;;;;;;;;;;;;;;;;;;;;;;;;;;;;;;;;;;;;;;;;;;;;;;;;;;;;;;;;;;;;;;;;;;;;;;;;;;;
CASH AND CASH EQUIVALENTS AT BEGINNING OF PERIOD;;US$ 000;1.081.642;1.081.642;1.081.642;;1.081.642;1.072.579;584.271;-397.859;;1.072.579;1.695.841;1.695.841;1.695.841;;1.695.841;1.046.835;1.046.835;1.046.835;;1.046.835;1.216.675;1.216.675;1.216.675;;1.216.675;;;;;;;;;;;;;;;;;;;;;;;;;;;;;;;;;;;;;;;;;;;;;;;;;;;;;;;;;;;;;;;;;;;;;;
;;;;;;;;;;;;;;;;;;;;;;;;;;;;;;;;;;;;;;;;;;;;;;;;;;;;;;;;;;;;;;;;;;;;;;;;;;;;;;;;;;;;;;;;;;;;;;;;;
CASH AND CASH EQUIVALENTS AT END OF PERIOD;;US$ 000;834.738;1.061.348;947.442;;1.072.579;1.510.798;1.334.142;853.468;;1.695.841;1.330.432;1.534.966;930.181;;1.046.835;1.178.908;1.133.350;897.183;;1.216.675;1.415.420;1.525.229;1.629.496;;1.714.761;;;;;;;;;;;;;;;;;;;;;;;;;;;;;;;;;;;;;;;;;;;;;;;;;;;;;;;;;;;;;;;;;;;;;;
;;;;;;;;;;;;;;;;;;;;;;;;;;;;;;;;;;;;;;;;;;;;;;;;;;;;;;;;;;;;;;;;;;;;;;;;;;;;;;;;;;;;;;;;;;;;;;;;;
;;;;;;;;;;;;;;;;;;;;;;;;;;;;;;;;;;;;;;;;;;;;;;;;;;;;;;;;;;;;;;;;;;;;;;;;;;;;;;;;;;;;;;;;;;;;;;;;;
;;;;;;;;;;;;;;;;;;;;;;;;;;;;;;;;;;;;;;;;;;;;;;;;;;;;;;;;;;;;;;;;;;;;;;;;;;;;;;;;;;;;;;;;;;;;;;;;;
;;;;;;;;;;;;;;;;;;;;;;;;;;;;;;;;;;;;;;;;;;;;;;;;;;;;;;;;;;;;;;;;;;;;;;;;;;;;;;;;;;;;;;;;;;;;;;;;;
;;;;;;;;;;;;;;;;;;;;;;;;;;;;;;;;;;;;;;;;;;;;;;;;;;;;;;;;;;;;;;;;;;;;;;;;;;;;;;;;;;;;;;;;;;;;;;;;;
;;;;;;;;;;;;;;;;;;;;;;;;;;;;;;;;;;;;;;;;;;;;;;;;;;;;;;;;;;;;;;;;;;;;;;;;;;;;;;;;;;;;;;;;;;;;;;;;;
;;;;;;;;;;;;;;;;;;;;;;;;;;;;;;;;;;;;;;;;;;;;;;;;;;;;;;;;;;;;;;;;;;;;;;;;;;;;;;;;;;;;;;;;;;;;;;;;;
;;;;;;;;;;;;;;;;;;;;;;;;;;;;;;;;;;;;;;;;;;;;;;;;;;;;;;;;;;;;;;;;;;;;;;;;;;;;;;;;;;;;;;;;;;;;;;;;;
;;;;;;;;;;;;;;;;;;;;;;;;;;;;;;;;;;;;;;;;;;;;;;;;;;;;;;;;;;;;;;;;;;;;;;;;;;;;;;;;;;;;;;;;;;;;;;;;;
;;;;;;;;;;;;;;;;;;;;;;;;;;;;;;;;;;;;;;;;;;;;;;;;;;;;;;;;;;;;;;;;;;;;;;;;;;;;;;;;;;;;;;;;;;;;;;;;;
;;;;;;;;;;;;;;;;;;;;;;;;;;;;;;;;;;;;;;;;;;;;;;;;;;;;;;;;;;;;;;;;;;;;;;;;;;;;;;;;;;;;;;;;;;;;;;;;;
;;;;;;;;;;;;;;;;;;;;;;;;;;;;;;;;;;;;;;;;;;;;;;;;;;;;;;;;;;;;;;;;;;;;;;;;;;;;;;;;;;;;;;;;;;;;;;;;;
;;;;;;;;;;;;;;;;;;;;;;;;;;;;;;;;;;;;;;;;;;;;;;;;;;;;;;;;;;;;;;;;;;;;;;;;;;;;;;;;;;;;;;;;;;;;;;;;;
;;;;;;;;;;;;;;;;;;;;;;;;;;;;;;;;;;;;;;;;;;;;;;;;;;;;;;;;;;;;;;;;;;;;;;;;;;;;;;;;;;;;;;;;;;;;;;;;;
;;;;;;;;;;;;;;;;;;;;;;;;;;;;;;;;;;;;;;;;;;;;;;;;;;;;;;;;;;;;;;;;;;;;;;;;;;;;;;;;;;;;;;;;;;;;;;;;;
;;;;;;;;;;;;;;;;;;;;;;;;;;;;;;;;;;;;;;;;;;;;;;;;;;;;;;;;;;;;;;;;;;;;;;;;;;;;;;;;;;;;;;;;;;;;;;;;;
;;;;;;;;;;;;;;;;;;;;;;;;;;;;;;;;;;;;;;;;;;;;;;;;;;;;;;;;;;;;;;;;;;;;;;;;;;;;;;;;;;;;;;;;;;;;;;;;;
